time_s,fx_n,fy_n,fz_n,mx_nm,my_nm,mz_nm
0.010240,0.080000,0.060000,0.160000,0.000000,0.000000,0.000000
0.020668,0.020000,0.040000,0.000000,0.000000,0.000000,0.000000
0.040602,0.000000,0.000000,0.000000,0.000000,0.000000,0.000000
0.060706,0.020000,0.080000,0.100000,0.000000,0.000000,0.000000
0.080653,0.020000,0.060000,0.060000,0.000000,0.000000,0.000000
0.100608,0.040000,0.020000,0.000000,0.000000,0.000000,0.000000
0.120684,0.100000,-0.040000,0.080000,0.000000,0.000000,0.000000
0.140798,0.120000,0.000000,0.040000,0.000000,0.000000,0.000000
0.160740,0.100000,-0.040000,0.120000,0.000000,0.000000,0.000000
0.180573,-0.020000,0.040000,0.180000,0.000000,0.000000,0.000000
0.200649,0.100000,0.060000,0.060000,0.000000,0.000000,0.000000
0.220601,0.180000,0.060000,-0.040000,0.000000,0.000000,0.000000
0.240671,0.160000,0.040000,0.020000,0.000000,0.000000,0.000000
0.260653,0.240000,0.080000,0.000000,0.000000,0.020000,0.000000
0.280605,0.120000,-0.040000,0.100000,0.000000,0.000000,0.000000
0.300554,0.040000,0.040000,0.180000,0.000000,0.000000,0.000000
0.320630,0.080000,0.000000,0.000000,0.000000,0.000000,0.000000
0.340614,0.040000,-0.080000,0.180000,0.000000,0.000000,0.000000
0.360545,0.280000,-0.020000,0.000000,0.000000,0.020000,0.000000
0.380651,0.140000,0.020000,0.180000,0.000000,0.000000,0.000000
0.400771,0.120000,0.060000,0.080000,0.000000,0.000000,0.000000
0.420732,0.100000,0.000000,0.060000,0.000000,0.000000,0.000000
0.440630,0.160000,-0.020000,0.000000,0.000000,0.000000,0.000000
0.460610,0.180000,0.080000,0.000000,0.000000,0.000000,0.000000
0.480667,0.080000,0.040000,0.080000,0.000000,0.000000,0.000000
0.500638,0.140000,0.000000,0.180000,0.000000,0.000000,0.000000
0.520709,0.180000,0.020000,-0.140000,0.000000,0.020000,0.000000
0.540666,0.140000,-0.060000,0.220000,0.000000,0.000000,0.000000
0.560644,0.020000,-0.020000,0.140000,0.000000,0.000000,0.000000
0.580741,0.140000,-0.020000,0.440000,0.000000,0.000000,0.000000
0.600686,0.040000,0.020000,0.180000,0.000000,0.000000,0.000000
0.620637,0.000000,0.020000,0.180000,0.000000,0.000000,0.000000
0.640761,0.040000,0.060000,-0.040000,0.000000,0.000000,0.000000
0.660705,0.080000,0.160000,0.020000,-0.020000,0.000000,0.000000
0.680619,0.120000,0.120000,-0.020000,0.000000,0.000000,0.000000
0.700605,0.060000,0.080000,0.080000,0.000000,0.000000,0.000000
0.720670,0.060000,0.120000,-0.060000,0.000000,0.000000,0.000000
0.740654,0.240000,-0.020000,-0.040000,0.000000,0.020000,0.000000
0.760599,0.100000,0.000000,0.140000,0.000000,0.000000,0.000000
0.780662,0.060000,-0.120000,0.260000,0.000000,0.000000,0.000000
0.800636,0.260000,0.020000,-0.020000,0.000000,0.000000,0.000000
0.820736,0.100000,0.000000,0.000000,0.000000,0.000000,0.000000
0.840670,0.020000,0.000000,-0.100000,0.000000,0.000000,0.000000
0.860806,0.000000,0.040000,0.100000,0.000000,0.000000,0.000000
0.880733,0.120000,0.000000,0.080000,0.000000,0.000000,0.000000
0.900694,0.080000,0.120000,0.020000,-0.020000,0.000000,0.000000
0.920640,0.040000,0.020000,-0.040000,0.000000,0.000000,0.000000
0.940756,0.040000,0.100000,0.000000,0.000000,0.000000,0.000000
0.960677,-0.180000,0.100000,0.000000,0.000000,0.000000,0.000000
0.980643,0.060000,0.160000,-0.060000,0.000000,0.000000,0.000000
1.000597,0.200000,0.060000,0.000000,0.000000,0.000000,0.000000
1.020797,0.000000,0.060000,0.000000,0.000000,0.000000,0.000000
1.040769,0.020000,0.000000,0.020000,0.000000,0.000000,0.000000
1.060737,0.120000,0.000000,-0.080000,0.000000,0.000000,0.000000
1.080680,0.080000,0.140000,-0.180000,-0.020000,0.000000,0.000000
1.100679,0.100000,0.020000,0.040000,0.000000,0.000000,0.000000
1.120767,0.080000,0.020000,0.060000,0.000000,0.000000,0.000000
1.140679,0.100000,-0.060000,0.240000,0.000000,0.000000,0.000000
1.160644,0.100000,0.000000,0.060000,0.000000,0.000000,0.000000
1.180722,0.080000,-0.020000,0.080000,0.000000,0.000000,0.000000
1.200685,0.140000,0.120000,0.020000,0.000000,0.000000,0.000000
1.220646,0.120000,-0.060000,0.200000,0.000000,0.000000,0.000000
1.240589,0.180000,0.180000,0.040000,-0.020000,0.000000,0.000000
1.260538,0.040000,0.080000,0.180000,0.000000,0.000000,0.000000
1.280627,0.040000,0.100000,0.120000,0.000000,0.000000,0.000000
1.300597,0.120000,0.120000,-0.080000,0.000000,0.000000,0.000000
1.320667,0.040000,0.200000,0.080000,-0.020000,0.000000,0.000000
1.340648,0.060000,0.020000,0.120000,0.000000,0.000000,0.000000
1.360730,0.100000,0.180000,0.060000,0.000000,0.000000,0.000000
1.380718,0.140000,0.060000,-0.140000,0.000000,0.000000,0.000000
1.400611,0.140000,-0.020000,0.000000,0.000000,0.000000,0.000000
1.420578,0.080000,0.000000,0.040000,0.000000,0.000000,0.000000
1.440670,0.200000,0.180000,-0.180000,0.000000,0.000000,0.000000
1.460665,0.100000,-0.040000,0.080000,0.000000,0.000000,0.000000
1.480724,-0.060000,0.060000,0.200000,0.000000,0.000000,0.000000
1.500674,0.080000,0.080000,0.020000,0.000000,0.000000,0.000000
1.520627,0.140000,0.300000,0.100000,-0.020000,0.000000,0.000000
1.540716,0.200000,0.120000,0.260000,0.000000,0.020000,0.000000
1.560688,0.040000,0.120000,0.100000,0.000000,0.000000,0.000000
1.580637,0.120000,0.020000,0.100000,0.000000,0.000000,0.000000
1.600714,-0.060000,0.120000,0.260000,0.000000,0.000000,0.000000
1.620678,0.120000,0.060000,0.040000,0.000000,0.000000,0.000000
1.640631,0.020000,0.080000,0.160000,0.000000,0.000000,0.000000
1.660714,0.020000,0.060000,0.000000,0.000000,0.000000,0.000000
1.680694,0.060000,0.000000,0.100000,0.000000,0.000000,0.000000
1.700623,0.040000,0.060000,0.160000,0.000000,0.000000,0.000000
1.720582,-0.020000,0.060000,-0.040000,0.000000,0.000000,0.000000
1.740723,-0.040000,0.120000,-0.120000,0.000000,0.000000,0.000000
1.760611,0.000000,0.080000,0.120000,0.000000,0.000000,0.000000
1.780581,0.040000,0.080000,0.080000,0.000000,0.000000,0.000000
1.800669,0.060000,0.000000,-0.060000,0.000000,0.000000,0.000000
1.820643,0.020000,0.040000,0.280000,0.000000,0.000000,0.000000
1.840712,0.100000,0.140000,-0.080000,0.000000,0.000000,0.000000
1.860667,0.100000,0.120000,-0.040000,0.000000,0.000000,0.000000
1.880780,-0.060000,0.240000,-0.200000,-0.020000,0.000000,0.000000
1.900707,0.200000,0.140000,0.240000,-0.020000,0.000000,0.000000
1.920807,0.060000,0.020000,0.100000,0.000000,0.000000,0.000000
1.940632,0.100000,0.120000,0.080000,-0.020000,0.000000,0.000000
1.960695,0.220000,0.140000,-0.060000,-0.020000,0.000000,0.000000
1.980656,0.000000,0.080000,0.060000,0.000000,0.000000,0.000000
2.000627,0.020000,0.060000,-0.080000,0.000000,0.000000,0.000000
2.020731,0.120000,-0.080000,0.160000,0.000000,0.000000,0.000000
2.040652,0.100000,0.020000,0.020000,0.000000,0.000000,0.000000
2.060754,-0.020000,0.060000,-0.020000,0.000000,0.000000,0.000000
2.080745,0.060000,0.040000,0.000000,0.000000,0.000000,0.000000
2.100680,0.180000,0.180000,0.120000,-0.020000,0.000000,0.000000
2.120630,0.200000,0.140000,0.180000,0.000000,0.000000,0.000000
2.140712,0.140000,-0.020000,-0.060000,0.000000,0.000000,0.000000
2.160651,0.120000,0.180000,0.060000,-0.020000,0.000000,0.000000
2.180606,0.200000,0.080000,0.060000,0.000000,0.020000,0.000000
2.200739,0.020000,-0.080000,-0.080000,0.000000,0.000000,0.000000
2.220691,0.000000,-0.100000,0.000000,0.000000,0.000000,0.000000
2.240648,0.160000,0.040000,0.200000,0.000000,0.000000,0.000000
2.260781,0.040000,0.120000,-0.080000,-0.020000,0.000000,0.000000
2.280703,0.180000,-0.040000,0.020000,0.000000,0.000000,0.000000
2.300617,0.080000,0.120000,0.060000,0.000000,0.000000,0.000000
2.320702,0.040000,-0.100000,0.020000,0.000000,0.000000,0.000000
2.340658,0.000000,0.120000,0.120000,-0.020000,0.000000,0.000000
2.360747,0.100000,0.200000,0.000000,-0.020000,0.000000,0.000000
2.380700,0.080000,0.060000,-0.040000,0.000000,0.000000,0.000000
2.400690,0.040000,-0.140000,0.200000,0.000000,0.000000,0.000000
2.420604,0.060000,0.080000,-0.040000,0.000000,0.000000,0.000000
2.440693,0.140000,0.140000,0.080000,0.000000,0.000000,0.000000
2.460652,0.120000,0.020000,0.180000,0.000000,0.000000,0.000000
2.480624,0.080000,0.060000,0.000000,0.000000,0.000000,0.000000
2.500716,0.000000,0.000000,0.060000,0.000000,0.000000,0.000000
2.520660,0.120000,0.080000,0.120000,0.000000,0.000000,0.000000
2.540604,0.040000,0.080000,0.100000,0.000000,0.000000,0.000000
2.560689,0.000000,0.120000,0.020000,0.000000,0.000000,0.000000
2.580690,0.040000,0.060000,-0.020000,0.000000,0.000000,0.000000
2.600625,0.120000,0.240000,0.000000,-0.020000,0.000000,0.000000
2.620695,0.080000,-0.020000,0.260000,0.000000,0.000000,0.000000
2.640664,0.060000,0.000000,-0.160000,0.000000,0.000000,0.000000
2.660619,0.120000,0.080000,0.060000,0.000000,0.000000,0.000000
2.680673,0.180000,0.000000,0.100000,0.000000,0.000000,0.000000
2.700644,0.180000,0.020000,0.100000,0.000000,0.000000,0.000000
2.720622,0.120000,-0.020000,0.000000,0.000000,0.000000,0.000000
2.740760,0.120000,0.080000,-0.100000,0.000000,0.000000,0.000000
2.760659,0.080000,0.020000,-0.040000,0.000000,0.000000,0.000000
2.780596,0.060000,0.060000,0.040000,0.000000,0.000000,0.000000
2.800688,0.180000,0.040000,0.060000,0.000000,0.000000,0.000000
2.820647,0.240000,0.000000,0.220000,0.000000,0.020000,0.000000
2.840613,0.160000,-0.020000,-0.100000,0.000000,0.000000,0.000000
2.860690,0.180000,0.020000,0.000000,0.000000,0.000000,0.000000
2.880648,0.200000,0.000000,0.100000,0.000000,0.000000,0.000000
2.900611,0.020000,0.120000,-0.060000,0.000000,0.000000,0.000000
2.920722,0.040000,0.060000,0.080000,0.000000,0.000000,0.000000
2.940552,0.120000,0.020000,-0.120000,0.000000,0.000000,0.000000
2.960573,0.060000,0.020000,0.060000,0.000000,0.000000,0.000000
2.980668,0.220000,0.140000,-0.040000,0.000000,0.000000,0.000000
3.000655,-0.020000,-0.100000,0.100000,0.000000,0.000000,0.000000
3.020679,0.080000,0.060000,0.120000,0.000000,0.000000,0.000000
3.040638,0.100000,0.240000,0.160000,-0.020000,0.000000,0.000000
3.060784,0.120000,-0.040000,0.060000,0.000000,0.000000,0.000000
3.080604,0.060000,0.020000,0.000000,0.000000,0.000000,0.000000
3.100644,0.080000,0.100000,0.140000,0.000000,0.000000,0.000000
3.120606,0.120000,0.040000,0.060000,0.000000,0.000000,0.000000
3.140597,0.020000,-0.020000,0.140000,0.000000,0.000000,0.000000
3.160585,0.140000,0.060000,0.060000,0.000000,0.000000,0.000000
3.180671,0.100000,0.000000,-0.060000,0.000000,0.000000,0.000000
3.200557,0.160000,-0.060000,-0.100000,0.000000,0.000000,0.000000
3.220657,0.000000,0.060000,0.060000,0.000000,0.000000,0.000000
3.240633,0.140000,-0.040000,0.180000,0.000000,0.000000,0.000000
3.260658,0.100000,0.000000,0.040000,0.000000,0.000000,0.000000
3.280628,0.180000,0.080000,0.000000,0.000000,0.000000,0.000000
3.300629,0.260000,0.060000,0.060000,0.000000,0.020000,0.000000
3.320737,0.140000,0.020000,0.000000,0.000000,0.000000,0.000000
3.340594,0.040000,-0.120000,0.060000,0.000000,0.000000,0.000000
3.360764,0.060000,0.160000,-0.100000,0.000000,0.000000,0.000000
3.380693,0.160000,-0.060000,0.040000,0.000000,0.000000,0.000000
3.400553,0.080000,0.200000,-0.080000,-0.020000,0.000000,0.000000
3.420698,0.100000,0.000000,0.080000,0.000000,0.000000,0.000000
3.440663,0.100000,0.060000,-0.040000,0.000000,0.000000,0.000000
3.460632,0.040000,0.080000,0.000000,0.000000,0.000000,0.000000
3.480624,0.000000,0.180000,0.060000,-0.020000,0.000000,0.000000
3.500619,0.040000,0.080000,-0.120000,0.000000,0.000000,0.000000
3.520615,0.040000,0.080000,0.140000,0.000000,0.000000,0.000000
3.540604,0.060000,0.120000,0.020000,-0.020000,0.000000,0.000000
3.560585,0.100000,0.120000,0.120000,0.000000,0.000000,0.000000
3.580587,0.200000,0.060000,0.240000,0.000000,0.000000,0.000000
3.600598,0.160000,0.180000,0.020000,0.000000,0.000000,0.000000
3.620561,0.220000,0.120000,0.140000,0.000000,0.000000,0.000000
3.640715,-0.100000,0.060000,0.060000,0.000000,0.000000,0.000000
3.660641,0.140000,0.080000,0.000000,0.000000,0.000000,0.000000
3.680661,0.280000,0.060000,0.020000,0.000000,0.020000,0.000000
3.700524,0.100000,0.060000,0.240000,0.000000,0.000000,0.000000
3.720617,0.080000,0.180000,0.200000,-0.020000,0.000000,0.000000
3.740614,0.060000,0.120000,0.060000,0.000000,0.000000,0.000000
3.760762,0.020000,0.060000,0.120000,0.000000,0.000000,0.000000
3.780755,0.000000,0.200000,0.040000,-0.020000,0.000000,0.000000
3.800757,0.200000,0.180000,0.040000,-0.020000,0.000000,0.000000
3.820719,0.020000,0.140000,0.240000,0.000000,0.000000,0.000000
3.840707,0.000000,0.120000,0.120000,-0.020000,0.000000,0.000000
3.860701,0.140000,0.040000,0.000000,0.000000,0.000000,0.000000
3.880689,0.300000,0.240000,0.060000,-0.020000,0.020000,0.000000
3.900660,0.000000,0.260000,0.080000,-0.020000,0.000000,0.000000
3.920339,0.180000,0.180000,0.160000,-0.020000,0.020000,0.000000
3.940815,0.120000,0.000000,0.200000,0.000000,0.000000,0.000000
3.960635,0.000000,-0.020000,0.100000,0.000000,0.000000,0.000000
3.980630,0.120000,0.240000,0.260000,-0.020000,0.000000,0.000000
4.000761,0.000000,0.000000,0.100000,0.000000,0.000000,0.000000
4.020596,0.220000,0.100000,0.280000,0.000000,0.000000,0.000000
4.040588,0.180000,0.180000,0.140000,0.000000,0.000000,0.000000
4.060571,0.080000,0.180000,0.160000,-0.020000,0.000000,0.000000
4.080576,0.020000,0.020000,0.220000,0.000000,0.000000,0.000000
4.100541,0.000000,0.020000,0.280000,0.000000,0.000000,0.000000
4.120662,0.160000,0.180000,0.120000,-0.020000,0.000000,0.000000
4.140635,0.080000,0.240000,0.120000,-0.020000,0.000000,0.000000
4.160657,0.120000,0.120000,0.020000,0.000000,0.000000,0.000000
4.180649,0.040000,0.060000,0.340000,0.000000,0.000000,0.000000
4.200619,0.000000,0.220000,0.140000,-0.020000,0.000000,0.000000
4.220596,-0.020000,0.240000,0.080000,-0.020000,0.000000,0.000000
4.240592,-0.020000,0.200000,0.320000,-0.020000,0.000000,0.000000
4.260583,0.160000,0.240000,-0.060000,-0.020000,0.000000,0.000000
4.280572,0.080000,0.100000,0.320000,0.000000,0.000000,0.000000
4.300586,0.100000,0.180000,0.180000,-0.020000,0.000000,0.000000
4.320690,0.020000,0.060000,0.240000,0.000000,0.000000,0.000000
4.340674,0.080000,0.120000,0.200000,-0.020000,0.000000,0.000000
4.360672,0.100000,0.120000,0.020000,-0.020000,0.000000,0.000000
4.380675,0.160000,0.000000,0.320000,-0.020000,0.000000,0.000000
4.400629,0.120000,0.180000,0.180000,-0.020000,0.000000,0.000000
4.420637,0.140000,0.180000,0.220000,0.000000,0.000000,0.000000
4.440666,0.060000,0.180000,0.180000,-0.020000,0.000000,0.000000
4.460625,0.100000,0.140000,0.200000,-0.020000,0.000000,0.000000
4.480600,0.060000,0.140000,0.220000,-0.020000,0.000000,0.000000
4.500841,0.080000,0.020000,0.080000,0.000000,0.000000,0.000000
4.520695,0.140000,0.120000,0.220000,-0.020000,0.000000,0.000000
4.540707,0.080000,0.140000,0.320000,-0.020000,0.000000,0.000000
4.560714,0.080000,0.060000,0.240000,0.000000,0.000000,0.000000
4.580681,0.000000,0.000000,0.100000,0.000000,0.000000,0.000000
4.600653,0.080000,0.020000,0.020000,0.000000,0.000000,0.000000
4.620655,0.200000,0.120000,0.060000,0.000000,0.000000,0.000000
4.640642,-0.080000,-0.020000,0.000000,0.000000,0.000000,0.000000
4.660624,0.140000,0.240000,0.060000,-0.020000,0.000000,0.000000
4.680618,0.080000,0.060000,0.080000,0.000000,0.000000,0.000000
4.700612,0.200000,0.000000,0.200000,0.000000,0.000000,0.000000
4.720599,0.080000,0.040000,0.100000,0.000000,0.000000,0.000000
4.740589,0.100000,0.080000,0.000000,0.000000,0.000000,0.000000
4.760563,0.020000,0.060000,0.100000,0.000000,0.000000,0.000000
4.780676,0.160000,0.000000,0.020000,0.000000,0.000000,0.000000
4.800666,0.280000,0.140000,0.000000,0.000000,0.020000,0.000000
4.820707,0.200000,-0.080000,-0.100000,0.000000,0.000000,0.000000
4.840661,0.100000,-0.120000,0.060000,0.000000,0.000000,0.000000
4.860632,0.060000,0.080000,0.000000,0.000000,0.000000,0.000000
4.880791,0.240000,0.080000,0.140000,0.000000,0.020000,0.000000
4.900611,0.080000,0.120000,0.200000,0.000000,0.000000,0.000000
4.920604,0.140000,0.080000,0.160000,0.000000,0.000000,0.000000
4.940582,0.020000,-0.140000,-0.060000,0.000000,0.000000,0.000000
4.960749,0.080000,0.000000,-0.060000,0.000000,0.000000,0.000000
4.980591,0.140000,0.020000,0.060000,0.000000,0.000000,0.000000
5.000571,0.180000,0.020000,-0.140000,0.000000,0.000000,0.000000
5.020735,0.280000,-0.020000,0.180000,0.000000,0.020000,0.000000
5.040684,0.100000,0.000000,0.000000,0.000000,0.000000,0.000000
5.060671,0.120000,0.020000,0.000000,0.000000,0.000000,0.000000
5.080648,0.080000,0.180000,0.120000,-0.020000,0.000000,0.000000
5.100690,0.020000,0.020000,-0.100000,0.000000,0.000000,0.000000
5.120644,0.000000,0.040000,-0.100000,0.000000,0.000000,0.000000
5.140798,0.040000,0.080000,0.160000,0.000000,0.000000,0.000000
5.160612,0.080000,0.140000,0.080000,-0.020000,0.000000,0.000000
5.180603,0.120000,0.120000,0.000000,-0.020000,0.000000,0.000000
5.200608,0.000000,0.080000,0.000000,0.000000,0.000000,0.000000
5.220717,0.100000,0.120000,0.020000,-0.020000,0.000000,0.000000
5.240563,-0.060000,0.000000,0.060000,0.000000,0.000000,0.000000
5.260686,0.000000,0.000000,0.020000,0.000000,0.000000,0.000000
5.280659,0.040000,0.040000,-0.020000,0.000000,0.000000,0.000000
5.300660,0.100000,-0.040000,0.100000,0.000000,0.000000,0.000000
5.320665,0.100000,0.000000,0.260000,0.000000,0.000000,0.000000
5.340638,-0.040000,0.140000,-0.100000,0.000000,0.000000,0.000000
5.360613,0.140000,0.260000,0.060000,-0.020000,0.000000,0.000000
5.380611,0.080000,0.120000,0.220000,0.000000,0.000000,0.000000
5.400606,0.080000,0.120000,0.040000,0.000000,0.000000,0.000000
5.420627,0.080000,0.120000,0.140000,0.000000,0.000000,0.000000
5.440570,0.060000,0.000000,0.240000,0.000000,0.000000,0.000000
5.460614,0.120000,0.000000,0.160000,0.000000,0.000000,0.000000
5.480714,0.120000,0.060000,-0.020000,0.000000,0.000000,0.000000
5.500688,-0.060000,-0.040000,0.000000,0.000000,0.000000,0.000000
5.520670,0.060000,-0.040000,-0.100000,-0.020000,0.000000,0.000000
5.540661,0.000000,0.100000,0.120000,0.000000,0.000000,0.000000
5.560644,-0.020000,0.120000,-0.080000,0.000000,0.000000,0.000000
5.580626,0.120000,-0.040000,-0.020000,0.000000,0.000000,0.000000
5.600508,0.060000,0.180000,0.140000,-0.020000,0.000000,0.000000
5.620623,0.060000,0.020000,0.060000,0.000000,0.000000,0.000000
5.640604,0.060000,0.000000,0.060000,0.000000,0.000000,0.000000
5.660604,0.160000,0.000000,0.060000,0.000000,0.000000,0.000000
5.680562,0.080000,0.180000,-0.060000,0.000000,0.000000,0.000000
5.700691,0.100000,0.120000,-0.080000,-0.020000,0.000000,0.000000
5.720687,0.080000,0.080000,-0.280000,0.000000,0.000000,0.000000
5.740553,0.160000,0.200000,0.040000,0.000000,0.000000,0.000000
5.760666,0.240000,0.180000,-0.080000,0.000000,0.000000,0.000000
5.780645,0.160000,0.020000,-0.020000,0.000000,0.000000,0.000000
5.800676,0.080000,0.040000,0.060000,0.000000,0.000000,0.000000
5.820674,0.100000,0.120000,0.000000,0.000000,0.000000,0.000000
5.840653,0.080000,0.020000,0.080000,0.000000,0.000000,0.000000
5.860642,0.080000,0.100000,-0.020000,0.000000,0.000000,0.000000
5.880583,0.020000,0.080000,0.020000,0.000000,0.000000,0.000000
5.900729,0.120000,-0.020000,-0.020000,0.000000,0.000000,0.000000
5.920601,0.160000,-0.040000,0.160000,0.000000,0.000000,0.000000
5.940576,0.020000,0.040000,0.180000,0.000000,0.000000,0.000000
5.960556,0.040000,0.180000,0.100000,-0.020000,0.000000,0.000000
5.980779,-0.040000,0.120000,0.080000,-0.020000,0.000000,0.000000
6.000654,0.100000,0.000000,0.300000,0.000000,0.000000,0.000000
6.020649,0.140000,0.040000,0.060000,0.000000,0.000000,0.000000
6.040642,0.020000,0.080000,-0.060000,0.000000,0.000000,0.000000
6.060614,0.160000,0.080000,0.060000,0.000000,0.000000,0.000000
6.080629,0.140000,0.160000,0.000000,-0.020000,0.000000,0.000000
6.100613,0.000000,0.040000,-0.160000,0.000000,0.000000,0.000000
6.120621,0.100000,-0.040000,0.080000,0.000000,0.000000,0.000000
6.140576,0.020000,-0.040000,0.000000,0.000000,0.000000,0.000000
6.160710,0.060000,0.000000,0.040000,0.000000,0.000000,0.000000
6.180569,0.140000,0.000000,0.260000,0.000000,0.000000,0.000000
6.200547,0.200000,0.120000,-0.020000,0.000000,0.000000,0.000000
6.220674,0.140000,-0.020000,-0.160000,0.000000,0.000000,0.000000
6.240654,0.100000,-0.120000,0.280000,0.000000,0.000000,0.000000
6.260649,0.060000,0.040000,0.060000,0.000000,0.000000,0.000000
6.280643,0.060000,0.000000,-0.120000,0.000000,0.000000,0.000000
6.300625,0.060000,0.080000,0.140000,0.000000,0.000000,0.000000
6.320624,0.140000,-0.040000,0.120000,0.000000,0.000000,0.000000
6.340601,0.060000,0.080000,-0.040000,0.000000,0.000000,0.000000
6.360593,0.040000,0.060000,-0.020000,0.000000,0.000000,0.000000
6.380581,0.220000,0.060000,0.180000,0.000000,0.020000,0.000000
6.400575,0.040000,0.080000,0.040000,-0.020000,0.000000,0.000000
6.420562,-0.020000,0.020000,0.000000,0.000000,0.000000,0.000000
6.440682,-0.020000,0.180000,0.120000,-0.020000,0.000000,0.000000
6.460665,0.140000,0.060000,0.160000,0.000000,0.000000,0.000000
6.480669,0.020000,-0.080000,0.320000,0.000000,0.000000,0.000000
6.500677,0.000000,0.060000,0.200000,0.000000,0.000000,0.000000
6.520636,0.060000,0.180000,-0.080000,-0.020000,0.000000,0.000000
6.540632,0.020000,0.140000,0.060000,0.000000,0.000000,0.000000
6.560627,-0.020000,0.000000,0.140000,0.000000,0.000000,0.000000
6.580609,0.000000,0.140000,0.060000,-0.020000,0.000000,0.000000
6.600581,0.120000,0.100000,0.120000,0.000000,0.000000,0.000000
6.620718,0.100000,0.040000,0.180000,0.000000,0.000000,0.000000
6.640719,0.080000,0.000000,-0.160000,0.000000,0.000000,0.000000
6.660693,0.080000,0.100000,-0.240000,0.000000,0.000000,0.000000
6.680684,0.120000,0.100000,0.120000,0.000000,0.000000,0.000000
6.700683,-0.060000,0.000000,-0.040000,0.000000,0.000000,0.000000
6.720656,0.080000,0.120000,0.020000,0.000000,0.000000,0.000000
6.740704,0.140000,0.000000,0.220000,0.000000,0.000000,0.000000
6.760787,0.080000,0.060000,-0.180000,0.000000,0.000000,0.000000
6.780637,0.000000,0.040000,0.040000,0.000000,0.000000,0.000000
6.800622,0.000000,0.060000,-0.060000,0.000000,0.000000,0.000000
6.820599,0.240000,-0.060000,0.140000,0.000000,0.020000,0.000000
6.840585,0.200000,0.160000,-0.020000,-0.020000,0.000000,0.000000
6.860727,0.080000,0.140000,0.000000,-0.020000,0.000000,0.000000
6.880564,0.200000,0.000000,0.080000,0.000000,0.000000,0.000000
6.900692,0.040000,-0.080000,0.000000,0.000000,0.000000,0.000000
6.920657,0.100000,0.100000,0.120000,0.000000,0.000000,0.000000
6.940655,0.100000,0.040000,0.140000,0.000000,0.000000,0.000000
6.960630,0.100000,0.040000,-0.020000,0.000000,0.000000,0.000000
6.980641,0.120000,0.140000,-0.020000,0.000000,0.000000,0.000000
7.000638,0.140000,0.180000,0.000000,-0.020000,0.000000,0.000000
7.020617,0.140000,0.180000,0.000000,0.000000,0.000000,0.000000
7.040606,0.200000,0.020000,0.160000,0.000000,0.000000,0.000000
7.060601,0.120000,0.080000,0.020000,0.000000,0.000000,0.000000
7.080583,0.160000,0.180000,0.100000,-0.020000,0.000000,0.000000
7.100569,0.180000,0.000000,0.200000,0.000000,0.000000,0.000000
7.120572,0.060000,0.060000,0.000000,0.000000,0.000000,0.000000
7.140685,0.100000,-0.080000,-0.040000,0.000000,0.000000,0.000000
7.160663,0.040000,-0.040000,0.140000,0.000000,0.000000,0.000000
7.180652,0.080000,-0.100000,0.160000,0.000000,0.000000,0.000000
7.200656,0.100000,0.060000,0.100000,0.000000,0.000000,0.000000
7.220623,0.200000,-0.040000,-0.020000,0.000000,0.000000,0.000000
7.240626,0.060000,0.120000,0.080000,-0.020000,0.000000,0.000000
7.260628,0.160000,0.040000,0.120000,0.000000,0.000000,0.000000
7.280605,0.160000,0.080000,0.300000,0.000000,0.000000,0.000000
7.300601,0.200000,0.100000,0.460000,0.000000,0.000000,0.000000
7.320584,0.100000,0.020000,0.060000,0.000000,0.000000,0.000000
7.340560,0.080000,0.020000,0.220000,0.000000,0.000000,0.000000
7.360567,0.160000,0.180000,0.480000,-0.020000,0.000000,0.000000
7.380700,0.240000,0.060000,0.260000,0.000000,0.020000,0.000000
7.400664,0.280000,0.060000,0.340000,0.000000,0.000000,0.000000
7.420643,0.160000,0.140000,0.220000,0.000000,0.000000,0.000000
7.440648,0.080000,0.060000,0.240000,0.000000,0.000000,0.000000
7.460641,0.180000,0.060000,0.260000,0.000000,0.000000,0.000000
7.480605,0.240000,0.120000,0.300000,0.000000,0.000000,0.000000
7.500604,0.180000,0.060000,0.340000,0.000000,0.000000,0.000000
7.520631,0.140000,0.140000,0.340000,0.000000,0.000000,0.000000
7.540595,0.240000,0.180000,0.260000,-0.020000,0.020000,0.000000
7.560579,0.240000,0.120000,0.360000,0.000000,0.020000,0.000000
7.580687,0.140000,0.160000,0.340000,-0.020000,0.000000,0.000000
7.600561,0.140000,0.000000,0.560000,0.000000,0.000000,0.000000
7.620679,0.140000,0.000000,0.380000,0.000000,0.000000,0.000000
7.640652,0.240000,0.100000,0.620000,0.000000,0.000000,0.000000
7.660657,0.340000,0.180000,0.180000,-0.020000,0.020000,0.000000
7.680651,0.140000,0.140000,0.460000,-0.020000,0.000000,0.000000
7.700627,0.420000,0.220000,0.460000,-0.020000,0.020000,0.000000
7.720642,0.120000,0.180000,0.320000,-0.020000,0.000000,0.000000
7.740612,0.040000,0.040000,0.260000,0.000000,0.000000,0.000000
7.760592,0.120000,0.260000,0.340000,-0.020000,0.000000,0.000000
7.780587,0.240000,0.000000,0.560000,0.000000,0.000000,0.000000
7.800711,0.260000,0.160000,0.340000,0.000000,0.020000,0.000000
7.820704,0.300000,0.240000,0.180000,-0.020000,0.020000,0.000000
7.840538,0.120000,0.140000,0.160000,-0.020000,0.000000,0.000000
7.860677,0.160000,0.120000,0.260000,0.000000,0.000000,0.000000
7.880656,0.240000,0.000000,0.340000,0.000000,0.000000,0.000000
7.900662,0.020000,0.060000,0.380000,0.000000,0.000000,0.000000
7.920642,0.080000,0.220000,0.280000,-0.020000,0.000000,0.000000
7.940631,0.300000,0.060000,0.460000,0.000000,0.020000,0.000000
7.960640,0.280000,0.120000,0.240000,0.000000,0.020000,0.000000
7.980626,0.320000,0.140000,0.340000,0.000000,0.020000,0.000000
8.000605,0.100000,0.020000,0.320000,0.000000,0.000000,0.000000
8.020754,0.160000,0.100000,0.180000,0.000000,0.000000,0.000000
8.040791,0.180000,0.180000,0.360000,-0.020000,0.000000,0.000000
8.060700,0.160000,0.060000,0.240000,0.000000,0.000000,0.000000
8.080684,0.240000,0.180000,0.240000,-0.020000,0.000000,0.000000
8.100669,0.180000,0.140000,0.280000,-0.020000,0.000000,0.000000
8.120668,0.160000,0.240000,0.440000,-0.020000,0.000000,0.000000
8.140657,0.000000,0.000000,0.280000,0.000000,0.000000,0.000000
8.160648,0.140000,0.020000,0.360000,0.000000,0.000000,0.000000
8.180628,0.120000,0.140000,0.360000,0.000000,0.000000,0.000000
8.200611,0.080000,0.060000,0.400000,0.000000,0.000000,0.000000
8.220591,0.220000,0.120000,0.200000,0.000000,0.000000,0.000000
8.240582,0.240000,0.000000,0.200000,0.000000,0.000000,0.000000
8.260592,0.160000,0.060000,0.320000,0.000000,0.000000,0.000000
8.280697,0.160000,0.200000,0.360000,-0.020000,0.000000,0.000000
8.300564,0.080000,0.060000,0.200000,0.000000,0.000000,0.000000
8.320419,0.200000,0.200000,0.420000,-0.020000,0.000000,0.000000
8.340659,0.040000,0.200000,0.200000,-0.020000,0.000000,0.000000
8.360657,0.300000,0.000000,0.360000,0.000000,0.020000,0.000000
8.380639,0.220000,0.240000,0.280000,-0.020000,0.000000,0.000000
8.400656,0.180000,0.200000,0.260000,-0.020000,0.000000,0.000000
8.420630,0.180000,0.220000,0.160000,-0.020000,0.000000,0.000000
8.440601,0.160000,0.040000,0.420000,0.000000,0.000000,0.000000
8.460605,0.080000,0.080000,0.340000,0.000000,0.000000,0.000000
8.480581,0.100000,0.100000,0.140000,0.000000,0.000000,0.000000
8.500578,0.300000,0.180000,0.060000,-0.020000,0.020000,0.000000
8.520570,0.180000,0.220000,0.420000,-0.020000,0.000000,0.000000
8.540583,0.180000,0.160000,0.440000,0.000000,0.000000,0.000000
8.560681,0.100000,0.080000,0.180000,0.000000,0.000000,0.000000
8.580657,0.360000,0.160000,0.240000,0.000000,0.020000,0.000000
8.600647,0.100000,0.040000,0.620000,0.000000,0.000000,0.000000
8.620717,0.180000,0.080000,0.440000,0.000000,0.000000,0.000000
8.640639,0.240000,0.100000,0.300000,0.000000,0.000000,0.000000
8.660631,0.300000,0.160000,0.180000,-0.020000,0.020000,0.000000
8.680764,0.200000,0.020000,0.260000,0.000000,0.000000,0.000000
8.700605,0.220000,0.040000,0.340000,0.000000,0.000000,0.000000
8.720594,0.240000,0.140000,0.280000,-0.020000,0.000000,0.000000
8.740579,0.080000,0.240000,0.100000,-0.020000,0.000000,0.000000
8.760699,0.060000,0.160000,0.300000,-0.020000,0.000000,0.000000
8.780683,0.180000,0.100000,0.360000,0.000000,0.000000,0.000000
8.800667,0.160000,0.020000,0.320000,0.000000,0.000000,0.000000
8.820647,0.020000,0.020000,0.440000,0.000000,0.000000,0.000000
8.840643,0.120000,0.100000,0.140000,-0.020000,0.000000,0.000000
8.860642,0.100000,0.160000,0.000000,-0.020000,0.000000,0.000000
8.880630,0.120000,0.020000,0.140000,0.000000,0.000000,0.000000
8.900737,0.020000,0.000000,0.260000,0.000000,0.000000,0.000000
8.920603,0.000000,-0.020000,0.180000,0.000000,0.000000,0.000000
8.940590,0.040000,0.020000,0.000000,0.000000,0.000000,0.000000
8.960579,0.100000,0.040000,0.220000,0.000000,0.000000,0.000000
8.980566,0.180000,0.080000,0.420000,0.000000,0.000000,0.000000
9.000690,0.060000,0.040000,0.100000,0.000000,0.000000,0.000000
9.020662,0.020000,0.100000,0.080000,0.000000,0.000000,0.000000
9.040536,0.040000,0.060000,0.060000,0.000000,0.000000,0.000000
9.060667,0.100000,0.020000,0.140000,0.000000,0.000000,0.000000
9.080643,0.200000,0.120000,0.300000,0.000000,0.000000,0.000000
9.100632,0.100000,0.240000,0.020000,-0.020000,0.000000,0.000000
9.120633,0.240000,0.060000,0.340000,0.000000,0.020000,0.000000
9.140621,0.140000,-0.020000,0.200000,0.000000,0.000000,0.000000
9.160610,0.020000,0.080000,0.240000,0.000000,0.000000,0.000000
9.180607,0.000000,0.120000,-0.060000,0.000000,0.000000,0.000000
9.200715,0.160000,0.000000,0.060000,0.000000,0.000000,0.000000
9.220552,0.040000,0.020000,0.380000,0.000000,0.000000,0.000000
9.240571,0.160000,0.120000,0.220000,-0.020000,0.000000,0.000000
9.260705,0.100000,0.180000,0.000000,-0.020000,0.000000,0.000000
9.280665,0.140000,0.060000,0.060000,0.000000,0.000000,0.000000
9.300646,0.100000,0.120000,0.160000,0.000000,0.000000,0.000000
9.320645,0.060000,0.000000,0.180000,0.000000,0.000000,0.000000
9.340626,0.000000,0.000000,0.200000,0.000000,0.000000,0.000000
9.360619,0.020000,0.080000,0.300000,0.000000,0.000000,0.000000
9.380612,0.100000,-0.020000,0.280000,0.000000,0.000000,0.000000
9.400600,0.140000,0.060000,0.060000,0.000000,0.000000,0.000000
9.420580,0.100000,0.000000,0.060000,0.000000,0.000000,0.000000
9.440573,0.180000,0.080000,0.320000,0.000000,0.000000,0.000000
9.460565,0.060000,0.000000,0.180000,0.000000,0.000000,0.000000
9.480695,0.100000,0.080000,0.260000,0.000000,0.000000,0.000000
9.500816,0.060000,0.140000,0.260000,0.000000,0.000000,0.000000
9.520670,0.100000,0.040000,0.160000,0.000000,0.000000,0.000000
9.540657,0.140000,0.060000,0.160000,0.000000,0.000000,0.000000
9.560787,0.100000,0.140000,0.240000,0.000000,0.000000,0.000000
9.580682,0.040000,0.140000,0.120000,0.000000,0.000000,0.000000
9.600801,0.040000,0.000000,0.000000,0.000000,0.000000,0.000000
9.620791,0.100000,0.020000,0.160000,0.000000,0.000000,0.000000
9.640746,0.140000,0.200000,0.280000,-0.020000,0.000000,0.000000
9.660705,0.160000,0.200000,0.300000,-0.020000,0.000000,0.000000
9.680597,0.200000,0.120000,0.300000,0.000000,0.000000,0.000000
9.700764,0.260000,0.120000,0.240000,0.000000,0.020000,0.000000
9.720701,0.160000,0.240000,0.300000,-0.020000,0.000000,0.000000
9.740688,0.140000,0.140000,0.200000,-0.020000,0.000000,0.000000
9.760849,0.220000,0.140000,0.400000,-0.020000,0.000000,0.000000
9.780673,0.040000,0.120000,0.240000,0.000000,0.000000,0.000000
9.800662,0.180000,0.240000,0.440000,-0.020000,0.000000,0.000000
9.820781,0.120000,0.140000,0.340000,-0.020000,0.000000,0.000000
9.840758,0.120000,0.080000,0.500000,0.000000,0.000000,0.000000
9.860629,0.260000,0.060000,0.280000,0.000000,0.020000,0.000000
9.880728,0.040000,0.180000,0.220000,-0.020000,0.000000,0.000000
9.900750,0.060000,0.140000,0.160000,0.000000,0.000000,0.000000
9.920705,0.100000,0.140000,0.460000,-0.020000,0.000000,0.000000
9.940731,0.100000,0.060000,0.160000,0.000000,0.000000,0.000000
9.960715,0.060000,0.140000,0.060000,-0.020000,0.000000,0.000000
9.981567,0.140000,0.120000,0.220000,0.000000,0.000000,0.000000
10.000675,0.180000,0.120000,0.080000,-0.020000,0.000000,0.000000
10.020672,0.120000,0.140000,0.220000,-0.020000,0.000000,0.000000
10.040673,0.040000,0.120000,0.140000,-0.020000,0.000000,0.000000
10.060635,0.160000,0.160000,0.200000,-0.020000,0.000000,0.000000
10.080624,0.060000,0.180000,0.080000,-0.020000,0.000000,0.000000
10.100942,0.000000,0.040000,0.100000,0.000000,0.000000,0.000000
10.120720,0.200000,0.120000,0.160000,0.000000,0.000000,0.000000
10.140735,0.160000,0.120000,0.180000,0.000000,0.000000,0.000000
10.160712,0.120000,0.000000,0.200000,0.000000,0.000000,0.000000
10.180723,0.020000,0.080000,0.280000,0.000000,0.000000,0.000000
10.200759,0.040000,0.000000,0.000000,0.000000,0.000000,0.000000
10.220839,0.140000,0.080000,0.280000,0.000000,0.000000,0.000000
10.240816,0.080000,0.120000,0.500000,0.000000,0.000000,0.000000
10.260651,0.340000,0.160000,0.400000,-0.020000,0.020000,0.000000
10.280659,0.140000,0.040000,0.260000,0.000000,0.000000,0.000000
10.300740,0.340000,0.140000,0.260000,0.000000,0.020000,0.000000
10.320741,0.120000,0.100000,0.420000,-0.020000,0.000000,0.000000
10.340611,0.100000,0.120000,0.280000,0.000000,0.000000,0.000000
10.361863,-0.020000,0.060000,0.200000,0.000000,0.000000,0.000000
10.380723,0.060000,0.020000,0.060000,0.000000,0.000000,0.000000
10.400752,0.200000,0.180000,0.140000,-0.020000,0.000000,0.000000
10.420703,0.080000,0.000000,0.180000,0.000000,0.000000,0.000000
10.440714,0.200000,0.120000,0.020000,0.000000,0.020000,0.000000
10.460698,0.060000,0.080000,0.060000,0.000000,0.000000,0.000000
10.480700,0.100000,0.180000,0.140000,-0.020000,0.000000,0.000000
10.500814,0.060000,0.180000,0.140000,-0.020000,0.000000,0.000000
10.520650,-0.060000,0.060000,0.000000,0.000000,0.000000,0.000000
10.540750,0.040000,0.040000,0.320000,0.000000,0.000000,0.000000
10.560797,0.100000,0.060000,0.260000,0.000000,0.000000,0.000000
10.580762,0.180000,0.060000,0.220000,0.000000,0.000000,0.000000
10.600743,0.000000,0.060000,0.160000,0.000000,0.000000,0.000000
10.620746,0.000000,-0.020000,0.220000,0.000000,0.000000,0.000000
10.640726,0.140000,0.120000,0.240000,0.000000,0.000000,0.000000
10.660729,0.100000,0.240000,0.120000,-0.020000,0.000000,0.000000
10.680700,0.100000,0.180000,0.060000,0.000000,0.000000,0.000000
10.700679,0.060000,0.180000,0.200000,-0.020000,0.000000,0.000000
10.720669,0.080000,0.140000,0.220000,-0.020000,0.000000,0.000000
10.740989,0.060000,0.160000,0.060000,0.000000,0.000000,0.000000
10.760663,0.000000,0.060000,0.160000,0.000000,0.000000,0.000000
10.780712,0.040000,0.020000,0.260000,0.000000,0.000000,0.000000
10.800613,0.080000,0.080000,-0.020000,0.000000,0.000000,0.000000
10.820609,-0.020000,0.180000,0.100000,-0.020000,0.000000,0.000000
10.840737,0.020000,0.040000,0.440000,0.000000,0.000000,0.000000
10.860697,0.080000,0.180000,0.260000,-0.020000,0.000000,0.000000
10.880700,0.080000,0.120000,0.280000,0.000000,0.000000,0.000000
10.900691,-0.060000,0.200000,0.140000,-0.020000,0.000000,0.000000
10.920674,0.000000,0.060000,0.200000,0.000000,0.000000,0.000000
10.940649,0.080000,0.060000,0.220000,0.000000,0.000000,0.000000
10.960648,-0.080000,0.080000,0.160000,0.000000,0.000000,0.000000
10.980647,0.120000,0.120000,0.240000,0.000000,0.000000,0.000000
11.000528,0.020000,0.180000,0.240000,-0.020000,0.000000,0.000000
11.020686,0.100000,0.160000,0.120000,-0.020000,0.000000,0.000000
11.040563,0.080000,0.080000,0.180000,0.000000,0.000000,0.000000
11.060601,0.100000,0.060000,0.380000,0.000000,0.000000,0.000000
11.080588,0.000000,0.140000,0.200000,0.000000,0.000000,0.000000
11.100590,-0.060000,0.060000,-0.140000,0.000000,0.000000,0.000000
11.120627,0.140000,0.100000,-0.060000,0.000000,0.000000,0.000000
11.140627,0.140000,0.180000,0.120000,-0.020000,0.000000,0.000000
11.160649,-0.020000,0.120000,-0.060000,-0.020000,0.000000,0.000000
11.180657,0.120000,0.020000,-0.080000,0.000000,0.000000,0.000000
11.200535,0.000000,0.140000,-0.300000,0.000000,0.000000,0.000000
11.220685,0.100000,0.000000,0.000000,0.000000,0.000000,0.000000
11.240685,0.200000,0.000000,0.140000,0.000000,0.000000,0.000000
11.260579,0.220000,-0.040000,-0.020000,0.000000,0.000000,0.000000
11.280572,0.060000,-0.120000,0.120000,0.000000,0.000000,0.000000
11.300619,0.200000,0.080000,0.020000,0.000000,0.000000,0.000000
11.320607,0.160000,0.180000,0.060000,-0.020000,0.000000,0.000000
11.340606,0.100000,0.140000,0.160000,0.000000,0.000000,0.000000
11.360652,0.060000,0.260000,-0.060000,-0.020000,0.000000,0.000000
11.380665,0.060000,0.000000,0.080000,0.000000,0.000000,0.000000
11.400708,0.120000,0.000000,0.020000,0.000000,0.000000,0.000000
11.420669,0.100000,0.080000,0.020000,0.000000,0.000000,0.000000
11.440699,0.000000,0.120000,-0.020000,-0.020000,0.000000,0.000000
11.460713,0.120000,0.140000,-0.040000,0.000000,0.000000,0.000000
11.480582,0.080000,0.180000,0.040000,-0.020000,0.000000,0.000000
11.500576,0.000000,0.000000,-0.020000,0.000000,0.000000,0.000000
11.520623,0.080000,0.040000,-0.140000,0.000000,0.000000,0.000000
11.540758,0.160000,0.060000,0.060000,0.000000,0.000000,0.000000
11.560637,0.120000,0.000000,0.060000,0.000000,0.000000,0.000000
11.580667,0.300000,0.000000,0.300000,0.000000,0.020000,0.000000
11.600694,0.120000,0.080000,-0.020000,0.000000,0.000000,0.000000
11.620897,0.100000,0.060000,0.080000,0.000000,0.000000,0.000000
11.640730,0.180000,0.040000,0.000000,0.000000,0.000000,0.000000
11.660739,0.000000,0.080000,0.000000,-0.020000,0.000000,0.000000
11.680834,0.120000,0.060000,0.000000,0.000000,0.000000,0.000000
11.700616,-0.020000,0.040000,0.360000,0.000000,0.000000,0.000000
11.720598,0.040000,0.120000,-0.040000,0.000000,0.000000,0.000000
11.740779,0.060000,-0.040000,0.260000,0.000000,0.000000,0.000000
11.760800,-0.020000,0.080000,-0.120000,0.000000,0.000000,0.000000
11.780706,0.100000,0.140000,0.000000,0.000000,0.000000,0.000000
11.800709,0.060000,0.140000,0.180000,-0.020000,0.000000,0.000000
11.820751,0.180000,0.120000,0.000000,0.000000,0.000000,0.000000
11.840714,0.160000,0.060000,0.060000,0.000000,0.000000,0.000000
11.860716,0.040000,0.000000,0.020000,0.000000,0.000000,0.000000
11.880734,0.020000,0.080000,-0.200000,0.000000,0.000000,0.000000
11.900719,0.220000,0.240000,0.020000,-0.020000,0.000000,0.000000
11.920598,0.180000,0.000000,0.100000,0.000000,0.000000,0.000000
11.940850,0.100000,0.180000,0.160000,-0.020000,0.000000,0.000000
11.960654,0.140000,0.200000,0.120000,-0.020000,0.000000,0.000000
11.980911,0.080000,0.100000,0.420000,0.000000,0.000000,0.000000
12.000685,0.100000,0.140000,0.220000,-0.020000,0.000000,0.000000
12.020657,0.000000,0.180000,0.080000,-0.020000,0.000000,0.000000
12.040555,0.180000,0.160000,0.100000,-0.020000,0.000000,0.000000
12.060571,0.180000,0.100000,0.160000,0.000000,0.000000,0.000000
12.080692,0.080000,0.040000,0.140000,0.000000,0.000000,0.000000
12.100584,0.100000,0.080000,0.060000,0.000000,0.000000,0.000000
12.120592,0.060000,0.060000,0.080000,0.000000,0.000000,0.000000
12.140616,0.000000,0.000000,0.100000,0.000000,0.000000,0.000000
12.160610,-0.060000,0.000000,-0.080000,0.000000,0.000000,0.000000
12.180635,0.060000,0.180000,-0.160000,-0.020000,0.000000,0.000000
12.200625,-0.060000,0.080000,0.000000,0.000000,0.000000,0.000000
12.220529,-0.020000,0.020000,0.000000,0.000000,0.000000,0.000000
12.240556,0.040000,0.040000,0.020000,0.000000,0.000000,0.000000
12.260671,0.020000,0.100000,0.160000,-0.020000,0.000000,0.000000
12.280581,0.020000,0.040000,-0.160000,0.000000,0.000000,0.000000
12.300721,0.000000,0.120000,0.060000,0.000000,0.000000,0.000000
12.320576,0.060000,0.000000,0.060000,0.000000,0.000000,0.000000
12.340612,-0.060000,0.160000,0.100000,-0.020000,0.000000,0.000000
12.360628,-0.020000,0.160000,0.160000,0.000000,0.000000,0.000000
12.380660,0.100000,0.200000,0.000000,-0.020000,0.000000,0.000000
12.400651,0.100000,0.080000,-0.080000,0.000000,0.000000,0.000000
12.420650,-0.020000,0.020000,-0.100000,0.000000,0.000000,0.000000
12.440533,0.180000,0.040000,0.040000,0.000000,0.000000,0.000000
12.460554,0.020000,0.060000,0.140000,0.000000,0.000000,0.000000
12.480581,0.140000,0.120000,0.000000,-0.020000,0.000000,0.000000
12.500623,-0.060000,0.160000,0.040000,-0.020000,0.000000,0.000000
12.520590,-0.060000,0.020000,0.080000,0.000000,0.000000,0.000000
12.540728,-0.080000,-0.020000,0.000000,0.000000,0.000000,0.000000
12.560595,-0.020000,0.060000,-0.120000,0.000000,0.000000,0.000000
12.580689,-0.060000,0.080000,0.060000,0.000000,0.000000,0.000000
12.600640,0.100000,0.200000,0.060000,-0.020000,0.000000,0.000000
12.620657,0.020000,0.000000,0.100000,0.000000,0.000000,0.000000
12.640673,0.020000,0.000000,0.300000,0.000000,0.000000,0.000000
12.660558,0.060000,0.040000,0.280000,0.000000,0.000000,0.000000
12.680723,0.120000,0.220000,0.240000,-0.020000,0.000000,0.000000
12.700574,0.120000,0.180000,0.180000,-0.020000,0.000000,0.000000
12.720609,0.040000,0.060000,0.180000,0.000000,0.000000,0.000000
12.740593,0.140000,0.180000,0.320000,-0.020000,0.000000,0.000000
12.760604,0.120000,0.000000,-0.060000,0.000000,0.000000,0.000000
12.780620,0.080000,0.200000,-0.060000,-0.020000,0.000000,0.000000
12.800638,0.040000,0.120000,0.160000,0.000000,0.000000,0.000000
12.820642,0.180000,-0.060000,0.160000,0.000000,0.000000,0.000000
12.840651,0.000000,0.020000,0.060000,0.000000,0.000000,0.000000
12.860660,0.160000,0.080000,0.140000,0.000000,0.000000,0.000000
12.880545,0.200000,0.120000,0.160000,0.000000,0.000000,0.000000
12.900686,0.020000,0.140000,0.320000,-0.020000,0.000000,0.000000
12.920578,0.140000,0.240000,0.200000,-0.020000,0.000000,0.000000
12.940595,0.020000,0.060000,0.100000,0.000000,0.000000,0.000000
12.960606,0.140000,0.060000,0.260000,0.000000,0.000000,0.000000
12.980614,0.060000,0.120000,0.380000,0.000000,0.000000,0.000000
13.000622,0.020000,0.120000,0.100000,0.000000,0.000000,0.000000
13.020517,0.160000,0.100000,0.280000,0.000000,0.000000,0.000000
13.040646,0.020000,0.120000,0.120000,0.000000,0.000000,0.000000
13.060660,0.100000,0.040000,0.160000,0.000000,0.000000,0.000000
13.080675,0.120000,-0.020000,0.240000,0.000000,0.000000,0.000000
13.100545,0.000000,0.080000,0.160000,0.000000,0.000000,0.000000
13.120551,0.120000,0.180000,0.000000,-0.020000,0.000000,0.000000
13.140587,0.060000,0.260000,0.140000,-0.020000,0.000000,0.000000
13.160603,0.080000,0.180000,0.280000,-0.020000,0.000000,0.000000
13.180636,0.180000,0.120000,0.200000,0.000000,0.000000,0.000000
13.200500,0.140000,0.060000,0.200000,0.000000,0.000000,0.000000
13.220632,0.120000,0.020000,0.240000,0.000000,0.000000,0.000000
13.240646,0.140000,0.120000,0.080000,0.000000,0.000000,0.000000
13.260638,0.140000,0.020000,0.200000,0.000000,0.000000,0.000000
13.280667,0.140000,0.220000,0.060000,-0.020000,0.000000,0.000000
13.300534,0.140000,0.100000,0.200000,0.000000,0.000000,0.000000
13.320688,0.160000,0.240000,0.300000,-0.020000,0.000000,0.000000
13.340583,0.100000,0.100000,0.220000,0.000000,0.000000,0.000000
13.360589,0.240000,0.060000,0.100000,0.000000,0.000000,0.000000
13.380598,0.140000,0.080000,-0.020000,0.000000,0.000000,0.000000
13.400605,0.000000,0.080000,0.140000,0.000000,0.000000,0.000000
13.420608,0.020000,0.200000,0.320000,-0.020000,0.000000,0.000000
13.440654,0.180000,0.120000,0.140000,0.000000,0.000000,0.000000
13.460661,0.100000,0.220000,0.180000,-0.020000,0.000000,0.000000
13.480541,0.140000,0.060000,0.140000,0.000000,0.000000,0.000000
13.500657,0.160000,0.120000,0.420000,0.000000,0.000000,0.000000
13.520701,0.040000,0.140000,0.100000,-0.020000,0.000000,0.000000
13.540716,-0.060000,0.160000,0.040000,-0.020000,0.000000,0.000000
13.560739,0.020000,0.040000,0.060000,0.000000,0.000000,0.000000
13.580754,0.100000,0.080000,0.220000,0.000000,0.000000,0.000000
13.600624,0.020000,0.160000,0.000000,-0.020000,0.000000,0.000000
13.620629,0.080000,0.120000,0.080000,0.000000,0.000000,0.000000
13.640637,0.140000,0.000000,0.060000,0.000000,0.000000,0.000000
13.660677,0.020000,0.080000,0.040000,0.000000,0.000000,0.000000
13.680592,0.000000,0.120000,0.020000,-0.020000,0.000000,0.000000
13.700526,0.080000,0.080000,0.000000,0.000000,0.000000,0.000000
13.720684,0.020000,0.040000,0.100000,0.000000,0.000000,0.000000
13.740711,0.140000,0.060000,0.000000,0.000000,0.000000,0.000000
13.760576,0.100000,0.000000,0.020000,0.000000,0.000000,0.000000
13.780727,0.120000,-0.040000,0.000000,0.000000,0.000000,0.000000
13.800592,0.100000,0.000000,0.100000,0.000000,0.000000,0.000000
13.820634,0.020000,0.060000,-0.040000,0.000000,0.020000,0.000000
13.840643,0.120000,-0.040000,0.000000,0.000000,0.000000,0.000000
13.860654,0.080000,0.160000,0.020000,-0.020000,0.000000,0.000000
13.880668,0.060000,0.060000,0.000000,0.000000,0.000000,0.000000
13.900549,-0.020000,0.120000,-0.140000,0.000000,0.000000,0.000000
13.920559,0.060000,0.080000,0.040000,0.000000,0.000000,0.000000
13.940698,0.080000,0.180000,-0.140000,-0.020000,0.000000,0.000000
13.960563,0.080000,0.020000,0.000000,0.000000,0.000000,0.000000
13.980726,0.100000,-0.020000,0.000000,0.000000,0.000000,0.000000
14.000627,0.140000,0.000000,0.020000,0.000000,0.000000,0.000000
14.020621,0.140000,0.000000,-0.100000,0.000000,0.000000,0.000000
14.040654,0.160000,-0.020000,0.080000,0.000000,0.000000,0.000000
14.060699,0.160000,0.000000,0.080000,0.000000,0.000000,0.000000
14.080521,0.000000,0.080000,0.100000,0.000000,0.000000,0.000000
14.100529,0.060000,0.080000,0.120000,0.000000,0.000000,0.000000
14.120530,0.060000,0.060000,0.080000,0.000000,0.000000,0.000000
14.140697,0.220000,0.120000,0.140000,0.000000,0.000000,0.000000
14.160571,0.240000,0.160000,0.080000,-0.020000,0.020000,0.000000
14.180631,0.120000,0.120000,0.120000,0.000000,0.000000,0.000000
14.200585,-0.020000,0.020000,0.280000,0.000000,0.000000,0.000000
14.220588,0.080000,0.140000,0.020000,0.000000,0.000000,0.000000
14.240627,0.160000,0.040000,0.060000,0.000000,0.000000,0.000000
14.260653,0.120000,0.000000,0.240000,0.000000,0.000000,0.000000
14.280656,0.120000,0.200000,0.000000,-0.020000,0.000000,0.000000
14.300664,0.040000,0.180000,0.120000,-0.020000,0.000000,0.000000
14.320668,0.180000,0.120000,0.180000,0.000000,0.000000,0.000000
14.340561,0.040000,0.120000,0.200000,-0.020000,0.000000,0.000000
14.360718,0.120000,0.040000,0.160000,0.000000,0.000000,0.000000
14.380579,0.240000,0.120000,0.320000,0.000000,0.020000,0.000000
14.400598,0.100000,0.000000,0.320000,0.000000,0.000000,0.000000
14.420597,0.200000,0.120000,0.000000,0.000000,0.000000,0.000000
14.440620,0.220000,0.180000,0.240000,-0.020000,0.020000,0.000000
14.460628,0.140000,0.040000,0.100000,0.000000,0.000000,0.000000
14.480641,0.140000,0.000000,0.400000,0.000000,0.000000,0.000000
14.500672,0.100000,0.180000,0.060000,-0.020000,0.000000,0.000000
14.520679,0.300000,0.140000,0.160000,-0.020000,0.020000,0.000000
14.540683,0.020000,0.200000,0.280000,-0.020000,0.000000,0.000000
14.560567,0.060000,0.200000,0.300000,-0.020000,0.000000,0.000000
14.580565,0.060000,0.040000,0.160000,0.000000,0.000000,0.000000
14.600574,0.160000,0.120000,0.240000,-0.020000,0.000000,0.000000
14.620578,0.100000,0.060000,0.120000,0.000000,0.000000,0.000000
14.640597,0.060000,0.140000,0.020000,-0.020000,0.000000,0.000000
14.660623,-0.080000,0.180000,0.340000,-0.020000,0.000000,0.000000
14.680673,0.100000,0.020000,0.300000,0.000000,0.000000,0.000000
14.700757,0.080000,0.180000,0.260000,-0.020000,0.000000,0.000000
14.720534,0.120000,0.060000,0.320000,0.000000,0.000000,0.000000
14.740677,0.160000,0.120000,0.440000,-0.020000,0.000000,0.000000
14.760557,0.080000,0.080000,0.220000,0.000000,0.000000,0.000000
14.780568,0.100000,0.180000,0.240000,-0.020000,0.000000,0.000000
14.800597,0.000000,0.120000,0.200000,-0.020000,0.000000,0.000000
14.820596,0.160000,0.080000,0.160000,0.000000,0.000000,0.000000
14.840608,0.060000,0.120000,0.040000,0.000000,0.000000,0.000000
14.860609,0.120000,0.140000,0.120000,-0.020000,0.000000,0.000000
14.880638,0.200000,0.000000,0.160000,0.000000,0.000000,0.000000
14.900510,0.020000,0.000000,0.160000,0.000000,0.000000,0.000000
14.920660,0.060000,0.000000,0.200000,0.000000,0.000000,0.000000
14.940677,0.240000,0.000000,0.240000,0.000000,0.000000,0.000000
14.960688,0.180000,0.120000,0.080000,0.000000,0.000000,0.000000
14.980577,0.220000,0.060000,0.160000,0.000000,0.000000,0.000000
15.000613,0.080000,0.120000,0.100000,0.000000,0.000000,0.000000
15.020592,0.020000,0.200000,0.240000,-0.020000,0.000000,0.000000
15.040614,0.220000,0.060000,0.160000,0.000000,0.000000,0.000000
15.060649,0.100000,0.000000,0.200000,0.000000,0.000000,0.000000
15.080617,0.220000,0.140000,0.080000,0.000000,0.000000,0.000000
15.100640,0.000000,0.120000,0.240000,0.000000,0.000000,0.000000
15.120651,-0.060000,0.160000,0.160000,0.000000,0.000000,0.000000
15.140659,-0.020000,0.060000,0.220000,0.000000,0.000000,0.000000
15.160548,0.140000,0.180000,0.140000,-0.020000,0.000000,0.000000
15.180569,0.180000,0.140000,0.240000,-0.020000,0.000000,0.000000
15.200757,0.060000,0.060000,0.280000,0.000000,0.000000,0.000000
15.220843,0.200000,0.100000,0.300000,0.000000,0.000000,0.000000
15.240746,0.240000,0.180000,0.160000,0.000000,0.020000,0.000000
15.260646,0.000000,0.020000,0.320000,0.000000,0.000000,0.000000
15.280798,0.140000,0.060000,0.000000,0.000000,0.000000,0.000000
15.300673,-0.020000,0.000000,0.240000,0.000000,0.000000,0.000000
15.320663,0.120000,0.080000,0.300000,0.000000,0.000000,0.000000
15.340687,0.080000,0.180000,0.080000,-0.020000,0.000000,0.000000
15.360700,0.060000,0.180000,0.140000,-0.020000,0.000000,0.000000
15.380695,0.000000,0.140000,0.200000,0.000000,0.000000,0.000000
15.400648,0.020000,0.020000,0.380000,0.000000,0.000000,0.000000
15.420824,0.080000,0.060000,0.080000,0.000000,0.000000,0.000000
15.440775,0.100000,0.000000,-0.160000,0.000000,0.000000,0.000000
15.460789,0.120000,0.000000,0.200000,0.000000,0.000000,0.000000
15.480636,0.220000,0.120000,0.220000,0.000000,0.000000,0.000000
15.500501,0.080000,0.260000,0.300000,-0.020000,0.000000,0.000000
15.520635,0.160000,0.140000,0.240000,0.000000,0.000000,0.000000
15.540660,0.100000,0.060000,0.120000,0.000000,0.000000,0.000000
15.560679,0.080000,0.240000,0.000000,-0.020000,0.000000,0.000000
15.580568,-0.020000,0.000000,0.000000,0.000000,0.000000,0.000000
15.600571,0.100000,0.300000,0.280000,-0.020000,0.000000,0.000000
15.620584,-0.020000,0.180000,0.120000,0.000000,0.000000,0.000000
15.640606,-0.060000,0.020000,0.040000,-0.020000,0.000000,0.000000
15.660604,0.000000,0.180000,0.100000,-0.020000,0.000000,0.000000
15.680630,0.040000,0.000000,0.240000,0.000000,0.000000,0.000000
15.700525,-0.020000,0.000000,0.120000,0.000000,0.000000,0.000000
15.720643,0.000000,0.200000,0.120000,-0.020000,0.000000,0.000000
15.740532,0.080000,0.160000,0.160000,0.000000,0.000000,0.000000
15.760660,0.140000,-0.020000,0.260000,0.000000,0.000000,0.000000
15.780679,0.000000,0.000000,0.240000,0.000000,0.000000,0.000000
15.800546,0.140000,0.040000,0.300000,0.000000,0.000000,0.000000
15.820581,0.040000,0.120000,0.140000,0.000000,0.000000,0.000000
15.840590,0.180000,0.180000,0.100000,-0.020000,0.000000,0.000000
15.860608,0.060000,0.160000,0.260000,-0.020000,0.000000,0.000000
15.880663,0.000000,0.200000,0.140000,-0.020000,0.000000,0.000000
15.900500,0.000000,0.240000,0.300000,-0.020000,0.000000,0.000000
15.920637,0.120000,0.200000,0.060000,-0.020000,0.000000,0.000000
15.940519,-0.020000,0.020000,0.040000,0.000000,0.000000,0.000000
15.960539,0.000000,0.060000,0.160000,0.000000,0.000000,0.000000
15.980541,-0.060000,0.000000,0.060000,0.000000,0.000000,0.000000
16.000562,0.080000,0.260000,0.060000,-0.020000,0.000000,0.000000
16.020582,0.040000,0.000000,-0.020000,0.000000,0.000000,0.000000
16.040575,0.120000,0.060000,0.100000,0.000000,0.000000,0.000000
16.060613,0.000000,0.180000,0.140000,-0.020000,0.000000,0.000000
16.080616,0.040000,0.100000,0.100000,0.000000,0.000000,0.000000
16.100625,0.040000,0.020000,0.160000,0.000000,0.000000,0.000000
16.120653,0.120000,-0.020000,-0.040000,0.000000,0.000000,0.000000
16.140664,0.020000,0.000000,0.200000,0.000000,0.000000,0.000000
16.160673,0.000000,-0.100000,0.000000,0.000000,0.000000,0.000000
16.180552,0.200000,-0.040000,0.120000,0.000000,0.000000,0.000000
16.200539,0.040000,0.020000,0.200000,0.000000,0.000000,0.000000
16.220580,0.080000,0.100000,0.100000,0.000000,0.000000,0.000000
16.240597,0.140000,0.040000,0.140000,0.000000,0.000000,0.000000
16.260601,0.020000,0.000000,0.120000,0.000000,0.000000,0.000000
16.280616,-0.020000,-0.100000,0.140000,0.000000,0.000000,0.000000
16.300622,0.060000,-0.040000,0.020000,0.000000,0.000000,0.000000
16.320659,0.100000,-0.040000,0.060000,0.000000,0.000000,0.000000
16.340647,0.120000,0.060000,0.200000,0.000000,0.000000,0.000000
16.360648,0.180000,0.060000,0.120000,0.000000,0.000000,0.000000
16.380673,0.100000,-0.140000,-0.140000,0.000000,0.000000,0.000000
16.400547,0.220000,0.000000,0.280000,0.000000,0.020000,0.000000
16.420705,0.040000,-0.080000,0.100000,0.000000,0.000000,0.000000
16.440725,0.100000,0.140000,0.080000,0.000000,0.000000,0.000000
16.460590,0.080000,0.060000,0.140000,0.000000,0.000000,0.000000
16.480611,0.000000,-0.020000,-0.040000,0.000000,0.000000,0.000000
16.500622,0.080000,0.160000,0.200000,-0.020000,0.000000,0.000000
16.520646,0.180000,-0.120000,-0.040000,0.000000,0.000000,0.000000
16.540649,0.160000,-0.080000,0.140000,0.000000,0.000000,0.000000
16.560528,0.080000,0.000000,0.140000,0.000000,0.000000,0.000000
16.580792,0.040000,0.000000,0.060000,0.000000,0.000000,0.000000
16.600565,0.140000,0.120000,0.000000,0.000000,0.000000,0.000000
16.620563,0.060000,0.120000,0.200000,0.000000,0.000000,0.000000
16.640605,0.080000,-0.060000,0.160000,0.000000,0.000000,0.000000
16.660589,0.120000,0.020000,-0.100000,0.000000,0.000000,0.000000
16.680752,0.160000,0.000000,-0.020000,0.000000,0.000000,0.000000
16.700611,0.020000,0.020000,-0.120000,0.000000,0.000000,0.000000
16.720624,0.160000,0.060000,0.020000,0.000000,0.000000,0.000000
16.740529,0.040000,-0.020000,0.120000,0.000000,0.000000,0.000000
16.760536,0.080000,0.020000,0.000000,0.000000,0.000000,0.000000
16.780541,0.000000,-0.020000,0.100000,0.000000,0.000000,0.000000
16.800680,0.200000,0.000000,0.000000,0.000000,0.000000,0.000000
16.820573,0.220000,-0.020000,0.100000,0.000000,0.000000,0.000000
16.840724,0.180000,0.100000,-0.020000,0.000000,0.000000,0.000000
16.860742,0.180000,0.280000,-0.120000,-0.020000,0.000000,0.000000
16.880617,0.000000,0.260000,0.080000,-0.020000,0.000000,0.000000
16.900866,0.120000,0.140000,0.000000,-0.020000,0.000000,0.000000
16.920639,0.060000,0.140000,-0.060000,0.000000,0.000000,0.000000
16.940647,0.060000,0.160000,0.080000,-0.020000,0.000000,0.000000
16.960657,0.140000,0.060000,0.020000,0.000000,0.000000,0.000000
16.980669,0.040000,0.060000,0.000000,0.000000,0.000000,0.000000
17.000674,0.200000,0.080000,0.100000,0.000000,0.000000,0.000000
17.020680,0.020000,0.040000,-0.060000,0.000000,0.000000,0.000000
17.040567,0.020000,0.020000,-0.100000,0.000000,0.000000,0.000000
17.060559,0.180000,0.120000,0.160000,0.000000,0.000000,0.000000
17.080572,0.080000,0.000000,0.000000,0.000000,0.000000,0.000000
17.100761,0.020000,0.120000,0.000000,-0.020000,0.000000,0.000000
17.120622,0.060000,0.120000,0.200000,-0.020000,0.000000,0.000000
17.140638,0.180000,0.140000,-0.200000,0.000000,0.000000,0.000000
17.160640,0.160000,0.000000,0.180000,0.000000,0.000000,0.000000
17.180511,0.140000,0.140000,0.000000,0.000000,0.000000,0.000000
17.200546,0.080000,0.100000,0.180000,0.000000,0.000000,0.000000
17.220571,0.200000,0.120000,0.020000,0.000000,0.000000,0.000000
17.240550,0.060000,0.080000,0.100000,0.000000,0.000000,0.000000
17.260275,0.180000,0.080000,0.000000,0.000000,0.000000,0.000000
17.280748,0.200000,0.000000,0.140000,0.000000,0.000000,0.000000
17.300584,0.220000,0.180000,0.060000,-0.020000,0.000000,0.000000
17.320611,0.060000,0.180000,-0.020000,-0.020000,0.000000,0.000000
17.340602,0.000000,0.020000,0.140000,0.000000,0.000000,0.000000
17.360617,0.120000,0.080000,0.080000,0.000000,0.000000,0.000000
17.380670,0.100000,0.020000,0.060000,0.000000,0.000000,0.000000
17.400678,0.120000,0.100000,0.020000,0.000000,0.000000,0.000000
17.420553,0.080000,0.000000,0.080000,0.000000,0.000000,0.000000
17.440688,0.100000,0.120000,0.060000,0.000000,0.000000,0.000000
17.460574,0.300000,0.080000,0.160000,0.000000,0.020000,0.000000
17.480590,0.160000,0.040000,0.120000,0.000000,0.000000,0.000000
17.500621,0.340000,0.180000,0.180000,-0.020000,0.020000,0.000000
17.520623,0.220000,0.120000,0.060000,0.000000,0.000000,0.000000
17.540617,0.080000,0.020000,0.020000,0.000000,0.000000,0.000000
17.560630,0.000000,0.200000,0.060000,-0.020000,0.000000,0.000000
17.580508,0.160000,0.000000,0.200000,0.000000,0.000000,0.000000
17.600653,0.080000,0.140000,0.000000,0.000000,0.000000,0.000000
17.620737,0.000000,0.020000,0.000000,0.000000,0.000000,0.000000
17.640555,0.080000,0.000000,0.280000,0.000000,0.000000,0.000000
17.660587,0.080000,0.060000,0.080000,0.000000,0.000000,0.000000
17.680722,0.000000,0.000000,0.100000,0.000000,0.000000,0.000000
17.700583,0.040000,0.160000,0.120000,-0.020000,0.000000,0.000000
17.720646,0.160000,0.000000,0.120000,0.000000,0.000000,0.000000
17.740619,0.100000,0.000000,-0.160000,0.000000,0.000000,0.000000
17.760554,0.000000,0.000000,0.000000,0.000000,0.000000,0.000000
17.780662,0.040000,-0.060000,0.200000,0.000000,0.000000,0.000000
17.800625,0.180000,0.000000,0.020000,0.000000,0.000000,0.000000
17.820670,0.140000,0.080000,0.100000,0.000000,0.000000,0.000000
17.840550,0.120000,0.000000,-0.120000,0.000000,0.000000,0.000000
17.860572,0.200000,0.000000,0.040000,0.000000,0.000000,0.000000
17.880580,0.100000,0.160000,0.060000,0.000000,0.000000,0.000000
17.900579,0.160000,0.000000,0.060000,0.000000,0.000000,0.000000
17.920359,0.000000,-0.020000,0.100000,0.000000,0.000000,0.000000
17.940613,0.140000,0.000000,0.160000,0.000000,0.000000,0.000000
17.960601,0.160000,-0.060000,0.180000,0.000000,0.000000,0.000000
17.980635,0.040000,0.060000,0.100000,0.000000,0.000000,0.000000
18.000657,0.040000,0.000000,0.140000,0.000000,0.000000,0.000000
18.020640,0.100000,0.000000,0.140000,0.000000,0.000000,0.000000
18.040566,0.100000,0.020000,0.180000,0.000000,0.000000,0.000000
18.060685,0.180000,-0.020000,0.180000,0.000000,0.000000,0.000000
18.080709,0.180000,0.000000,-0.080000,0.000000,0.000000,0.000000
18.100581,0.100000,-0.020000,0.200000,0.000000,0.000000,0.000000
18.120595,0.120000,0.080000,0.020000,0.000000,0.000000,0.000000
18.140622,0.120000,0.040000,-0.060000,0.000000,0.000000,0.000000
18.160657,0.140000,0.040000,-0.080000,0.000000,0.000000,0.000000
18.180649,0.160000,0.060000,0.100000,0.000000,0.000000,0.000000
18.200516,0.100000,0.060000,-0.020000,0.000000,0.000000,0.000000
18.220664,0.000000,-0.100000,0.120000,0.000000,0.000000,0.000000
18.240682,0.080000,0.040000,-0.040000,0.000000,0.000000,0.000000
18.260558,0.180000,0.060000,0.140000,0.000000,0.000000,0.000000
18.280567,0.060000,0.080000,0.040000,0.000000,0.000000,0.000000
18.300641,0.060000,0.020000,0.020000,0.000000,0.000000,0.000000
18.320598,0.120000,0.000000,0.080000,0.000000,0.000000,0.000000
18.340612,0.120000,0.020000,0.060000,0.000000,0.000000,0.000000
18.360619,0.080000,0.000000,-0.040000,0.000000,0.000000,0.000000
18.380776,0.220000,-0.080000,-0.120000,0.000000,0.000000,0.000000
18.400644,0.020000,0.020000,0.080000,0.000000,0.000000,0.000000
18.420659,0.080000,-0.120000,0.180000,0.000000,0.000000,0.000000
18.440648,0.160000,0.100000,0.020000,0.000000,0.000000,0.000000
18.460538,-0.060000,-0.020000,0.080000,0.000000,0.000000,0.000000
18.480569,0.000000,0.020000,0.120000,0.000000,0.000000,0.000000
18.500570,0.160000,0.020000,0.160000,0.000000,0.000000,0.000000
18.520586,0.060000,-0.020000,-0.060000,0.000000,0.000000,0.000000
18.540596,0.160000,0.060000,-0.080000,0.000000,0.000000,0.000000
18.560615,-0.080000,0.000000,0.120000,0.000000,0.000000,0.000000
18.580505,0.140000,0.000000,-0.040000,0.000000,0.000000,0.000000
18.600672,0.160000,0.000000,0.060000,0.000000,0.000000,0.000000
18.620655,0.020000,0.140000,0.260000,-0.020000,0.000000,0.000000
18.640662,0.020000,0.060000,0.120000,0.000000,0.000000,0.000000
18.660664,0.080000,-0.020000,0.060000,0.000000,0.000000,0.000000
18.680579,0.040000,0.160000,0.100000,-0.020000,0.000000,0.000000
18.700707,0.000000,0.020000,0.000000,0.000000,0.000000,0.000000
18.720590,0.040000,0.080000,-0.020000,0.000000,0.000000,0.000000
18.740775,0.000000,0.060000,-0.040000,0.000000,0.000000,0.000000
18.760605,0.220000,0.140000,0.000000,0.000000,0.000000,0.000000
18.780657,0.040000,0.120000,-0.060000,0.000000,0.000000,0.000000
18.800629,-0.020000,0.060000,0.060000,0.000000,0.000000,0.000000
18.820631,0.120000,0.080000,-0.040000,0.000000,0.000000,0.000000
18.840661,-0.080000,0.140000,0.060000,-0.020000,0.000000,0.000000
18.860668,0.080000,0.080000,0.060000,0.000000,0.000000,0.000000
18.880564,0.140000,0.120000,-0.040000,0.000000,0.000000,0.000000
18.900559,0.060000,0.100000,0.060000,0.000000,0.000000,0.000000
18.920566,0.140000,0.000000,0.100000,0.000000,0.000000,0.000000
18.940585,-0.020000,0.060000,-0.080000,0.000000,0.000000,0.000000
18.960580,0.120000,0.120000,-0.280000,0.000000,0.000000,0.000000
18.980634,0.060000,0.180000,0.000000,-0.020000,0.000000,0.000000
19.000552,0.060000,0.160000,0.120000,-0.020000,0.000000,0.000000
19.020616,-0.100000,0.000000,0.100000,0.000000,0.000000,0.000000
19.040670,0.100000,0.120000,0.020000,0.000000,0.000000,0.000000
19.060584,0.080000,0.260000,0.020000,-0.020000,0.000000,0.000000
19.080615,0.120000,0.140000,0.200000,-0.020000,0.000000,0.000000
19.100682,0.020000,0.120000,0.060000,0.000000,0.000000,0.000000
19.120599,0.100000,0.020000,0.160000,0.000000,0.000000,0.000000
19.140642,0.180000,0.120000,0.140000,0.000000,0.000000,0.000000
19.160690,0.080000,0.180000,0.180000,-0.020000,0.000000,0.000000
19.180627,-0.080000,0.000000,0.220000,0.000000,0.000000,0.000000
19.200676,0.140000,0.180000,0.240000,-0.020000,0.000000,0.000000
19.220583,0.120000,-0.020000,0.320000,0.000000,0.000000,0.000000
19.240635,0.120000,0.100000,0.180000,0.000000,0.000000,0.000000
19.260673,0.120000,0.280000,0.280000,-0.020000,0.000000,0.000000
19.280591,0.000000,0.280000,0.140000,-0.020000,0.000000,0.000000
19.300714,0.220000,0.180000,0.260000,-0.020000,0.000000,0.000000
19.320687,0.060000,0.060000,0.220000,0.000000,0.000000,0.000000
19.340600,0.120000,0.140000,0.220000,0.000000,0.000000,0.000000
19.360690,0.020000,0.080000,0.100000,0.000000,0.000000,0.000000
19.380575,0.160000,0.140000,0.120000,0.000000,0.000000,0.000000
19.400619,0.000000,0.140000,0.180000,-0.020000,0.000000,0.000000
19.420707,0.060000,0.200000,0.020000,-0.020000,0.000000,0.000000
19.440602,0.020000,0.080000,0.120000,0.000000,0.000000,0.000000
19.460667,0.120000,0.140000,0.320000,-0.020000,0.000000,0.000000
19.480713,0.000000,0.180000,0.180000,-0.020000,0.000000,0.000000
19.500617,0.080000,0.120000,0.220000,0.000000,0.000000,0.000000
19.520682,-0.100000,0.000000,0.180000,0.000000,0.000000,0.000000
19.540751,0.040000,0.120000,0.180000,0.000000,0.000000,0.000000
19.560630,0.060000,0.100000,0.220000,0.000000,0.000000,0.000000
19.580739,0.060000,0.300000,0.200000,-0.020000,0.000000,0.000000
19.600657,0.020000,0.140000,0.280000,0.000000,0.000000,0.000000
19.620701,-0.020000,0.040000,0.180000,0.000000,0.000000,0.000000
19.640713,0.000000,0.180000,0.200000,-0.020000,0.000000,0.000000
19.660646,0.040000,0.200000,0.180000,-0.020000,0.000000,0.000000
19.680700,0.140000,0.160000,0.160000,-0.020000,0.000000,0.000000
19.700659,0.040000,0.200000,0.220000,-0.020000,0.000000,0.000000
19.720684,0.100000,0.060000,0.380000,0.000000,0.000000,0.000000
19.740729,0.020000,0.060000,0.220000,0.000000,0.000000,0.000000
19.760791,0.000000,0.040000,0.020000,0.000000,0.000000,0.000000
19.780694,-0.020000,0.060000,0.220000,-0.020000,0.000000,0.000000
19.800611,0.060000,0.140000,0.140000,-0.020000,0.000000,0.000000
19.820665,0.060000,0.080000,0.280000,0.000000,0.000000,0.000000
19.840714,0.140000,0.140000,0.300000,-0.020000,0.000000,0.000000
19.860625,0.000000,0.180000,0.120000,-0.020000,0.000000,0.000000
19.880690,0.020000,0.060000,0.140000,0.000000,0.000000,0.000000
19.900570,0.100000,0.080000,0.020000,0.000000,0.000000,0.000000
19.920629,0.000000,0.080000,0.140000,0.000000,0.000000,0.000000
19.940695,0.040000,0.100000,0.120000,0.000000,0.000000,0.000000
19.960748,0.140000,0.060000,0.260000,0.000000,0.000000,0.000000
19.980649,0.180000,0.140000,0.240000,0.000000,0.000000,0.000000
20.000691,0.060000,-0.020000,0.220000,0.000000,0.000000,0.000000
20.020632,0.120000,0.020000,0.080000,0.000000,0.000000,0.000000
20.040685,0.080000,0.120000,0.280000,0.000000,0.000000,0.000000
20.060707,0.000000,0.040000,0.320000,0.000000,0.000000,0.000000
20.080638,0.020000,0.180000,0.120000,-0.020000,0.000000,0.000000
20.100670,0.060000,0.200000,0.200000,-0.020000,0.000000,0.000000
20.120618,0.020000,0.120000,0.280000,-0.020000,0.000000,0.000000
20.140657,0.000000,0.120000,0.060000,0.000000,0.000000,0.000000
20.160728,0.040000,0.100000,0.000000,0.000000,0.000000,0.000000
20.180815,0.040000,0.140000,0.120000,-0.020000,0.000000,0.000000
20.200667,0.020000,0.060000,0.240000,0.000000,0.000000,0.000000
20.220678,0.180000,0.080000,0.160000,0.000000,0.000000,0.000000
20.240651,0.100000,0.100000,-0.040000,-0.020000,0.000000,0.000000
20.260698,0.060000,0.240000,0.020000,-0.020000,0.000000,0.000000
20.280768,0.000000,0.120000,0.220000,-0.020000,0.000000,0.000000
20.300674,0.040000,0.100000,0.120000,0.000000,0.000000,0.000000
20.320578,0.180000,0.120000,0.060000,0.000000,0.000000,0.000000
20.340621,0.000000,0.120000,0.180000,0.000000,0.000000,0.000000
20.360706,-0.020000,0.020000,-0.060000,0.000000,0.000000,0.000000
20.380623,0.200000,0.040000,0.240000,0.000000,0.020000,0.000000
20.400647,0.000000,0.100000,0.000000,0.000000,0.000000,0.000000
20.420686,0.080000,0.140000,0.220000,-0.020000,0.000000,0.000000
20.440606,-0.020000,0.060000,0.060000,0.000000,0.000000,0.000000
20.460675,0.020000,0.120000,0.140000,0.000000,0.000000,0.000000
20.480738,0.180000,0.080000,0.200000,0.000000,0.020000,0.000000
20.500650,0.060000,0.060000,0.080000,0.000000,0.000000,0.000000
20.520696,0.080000,-0.180000,0.100000,0.000000,0.000000,0.000000
20.540618,0.080000,-0.020000,0.100000,0.000000,0.000000,0.000000
20.560657,0.140000,-0.020000,0.060000,0.000000,0.000000,0.000000
20.580590,0.100000,-0.040000,0.000000,0.000000,0.000000,0.000000
20.600638,0.080000,0.080000,0.020000,0.000000,0.000000,0.000000
20.620684,0.220000,0.120000,-0.040000,-0.020000,0.000000,0.000000
20.640599,0.080000,0.000000,0.060000,0.000000,0.000000,0.000000
20.660651,0.120000,-0.020000,0.120000,0.000000,0.000000,0.000000
20.680573,0.100000,0.060000,-0.060000,0.000000,0.000000,0.000000
20.700625,0.060000,-0.060000,0.000000,0.000000,0.000000,0.000000
20.720684,0.160000,0.080000,0.120000,0.000000,0.000000,0.000000
20.740568,0.020000,0.120000,0.020000,0.000000,0.000000,0.000000
20.760664,0.180000,-0.080000,0.060000,0.000000,0.000000,0.000000
20.780686,0.040000,0.140000,0.000000,0.000000,0.000000,0.000000
20.800613,0.000000,0.180000,-0.060000,0.000000,0.000000,0.000000
20.820676,0.020000,-0.120000,0.020000,0.000000,0.000000,0.000000
20.840680,0.160000,0.020000,0.000000,0.000000,0.000000,0.000000
20.860604,0.040000,0.020000,0.060000,0.000000,0.000000,0.000000
20.880672,0.040000,-0.020000,0.000000,0.000000,0.000000,0.000000
20.900709,0.140000,0.000000,0.000000,0.000000,0.000000,0.000000
20.920606,0.200000,0.000000,0.080000,0.000000,0.000000,0.000000
20.940677,0.240000,-0.120000,0.180000,0.000000,0.020000,0.000000
20.960730,0.100000,0.060000,-0.360000,0.000000,0.000000,0.000000
20.980789,0.080000,0.020000,0.060000,0.000000,0.000000,0.000000
21.000774,0.120000,-0.100000,0.000000,0.000000,0.000000,0.000000
21.020765,0.120000,0.080000,0.100000,0.000000,0.000000,0.000000
21.040662,0.140000,-0.020000,0.080000,0.000000,0.000000,0.000000
21.060744,0.040000,0.000000,0.000000,0.000000,0.000000,0.000000
21.080780,0.120000,0.000000,0.060000,0.000000,0.000000,0.000000
21.100699,0.060000,-0.080000,0.000000,0.000000,0.000000,0.000000
21.120611,0.200000,0.080000,0.060000,0.000000,0.000000,0.000000
21.140664,0.140000,-0.040000,0.320000,0.000000,0.000000,0.000000
21.160702,0.080000,0.060000,0.040000,0.000000,0.000000,0.000000
21.180602,0.240000,0.000000,0.380000,0.000000,0.020000,0.000000
21.200666,0.200000,0.060000,-0.080000,0.000000,0.000000,0.000000
21.220593,0.100000,0.020000,0.140000,0.000000,0.000000,0.000000
21.240617,0.060000,0.000000,0.000000,0.000000,0.000000,0.000000
21.260714,0.000000,0.000000,-0.020000,0.000000,0.000000,0.000000
21.280621,0.000000,0.060000,0.020000,0.000000,0.000000,0.000000
21.300648,0.080000,0.060000,0.000000,0.000000,0.000000,0.000000
21.320578,0.060000,-0.080000,0.140000,0.000000,0.000000,0.000000
21.340626,0.140000,0.060000,0.140000,0.000000,0.000000,0.000000
21.360683,0.080000,0.000000,0.000000,0.000000,0.000000,0.000000
21.380575,0.060000,0.000000,0.060000,0.000000,0.000000,0.000000
21.400630,0.100000,0.020000,0.060000,0.000000,0.000000,0.000000
21.420546,0.120000,0.000000,-0.020000,0.000000,0.000000,0.000000
21.440607,-0.060000,0.000000,-0.020000,0.000000,0.000000,0.000000
21.460654,0.280000,0.060000,-0.020000,0.000000,0.020000,0.000000
21.480711,0.120000,0.060000,-0.080000,0.000000,0.000000,0.000000
21.500622,0.000000,0.000000,0.120000,0.000000,0.000000,0.000000
21.520679,0.000000,0.080000,-0.100000,0.000000,0.000000,0.000000
21.540613,0.080000,-0.060000,0.220000,0.000000,0.000000,0.000000
21.560660,0.160000,0.000000,0.040000,0.000000,0.000000,0.000000
21.580701,0.080000,0.000000,0.000000,0.000000,0.000000,0.000000
21.600636,0.180000,-0.160000,0.100000,0.000000,0.020000,0.000000
21.620681,-0.060000,0.260000,0.060000,0.000000,0.020000,0.000000
21.640596,0.100000,-0.060000,0.000000,0.000000,0.000000,0.000000
21.660637,-0.020000,0.120000,0.200000,0.000000,0.000000,0.000000
21.680693,-0.020000,0.200000,0.040000,-0.020000,0.000000,0.000000
21.700756,0.120000,0.080000,0.240000,0.000000,0.000000,0.000000
21.720681,0.240000,0.140000,0.240000,0.000000,0.000000,0.000000
21.740710,0.000000,0.200000,0.140000,-0.020000,0.000000,0.000000
21.760639,0.200000,0.140000,0.300000,-0.020000,0.000000,0.000000
21.780743,0.020000,0.100000,0.340000,0.000000,0.000000,0.000000
21.800607,0.020000,0.160000,-0.080000,-0.020000,0.000000,0.000000
21.820641,0.040000,0.080000,0.340000,0.000000,0.000000,0.000000
21.840692,0.000000,-0.020000,0.060000,0.000000,0.000000,0.000000
21.860657,-0.060000,0.120000,0.260000,0.000000,0.000000,0.000000
21.880681,0.120000,0.020000,0.180000,0.000000,0.000000,0.000000
21.900734,0.120000,0.020000,0.200000,0.000000,0.000000,0.000000
21.920660,0.020000,0.160000,0.160000,0.000000,0.000000,0.000000
21.940701,0.280000,0.000000,0.100000,0.000000,0.020000,0.000000
21.960736,0.020000,0.040000,0.180000,0.000000,0.000000,0.000000
21.980749,-0.020000,0.180000,0.040000,-0.020000,0.000000,0.000000
22.000689,0.000000,0.020000,0.280000,0.000000,0.000000,0.000000
22.020626,0.200000,0.140000,0.180000,0.000000,0.000000,0.000000
22.040648,0.020000,0.040000,0.000000,0.000000,0.000000,0.000000
22.060597,0.040000,0.080000,-0.060000,0.000000,0.000000,0.000000
22.080645,0.040000,0.260000,0.000000,-0.020000,0.000000,0.000000
22.100571,0.040000,0.000000,-0.120000,0.000000,0.000000,0.000000
22.120618,0.040000,0.060000,0.100000,0.000000,0.000000,0.000000
22.140659,0.020000,0.020000,-0.020000,0.000000,0.000000,0.000000
22.160576,0.200000,-0.040000,0.000000,0.000000,0.000000,0.000000
22.180648,0.140000,0.020000,0.060000,0.000000,0.000000,0.000000
22.200536,0.140000,0.180000,0.120000,-0.020000,0.000000,0.000000
22.220610,0.140000,-0.060000,0.020000,0.000000,0.000000,0.000000
22.240659,0.020000,0.000000,0.120000,0.000000,0.000000,0.000000
22.260698,0.020000,0.000000,-0.140000,0.000000,0.000000,0.000000
22.280610,-0.040000,0.120000,0.000000,0.000000,0.000000,0.000000
22.300665,0.200000,0.060000,0.000000,0.000000,0.000000,0.000000
22.320588,0.060000,0.140000,0.120000,0.000000,0.000000,0.000000
22.340628,-0.080000,0.040000,0.060000,0.000000,0.000000,0.000000
22.360716,0.160000,0.120000,-0.180000,-0.020000,0.000000,0.000000
22.380617,0.040000,-0.060000,0.180000,0.000000,0.000000,0.000000
22.400643,0.340000,-0.040000,0.280000,0.000000,0.020000,0.000000
22.420712,0.060000,0.000000,0.080000,0.000000,0.000000,0.000000
22.440627,0.100000,0.060000,0.000000,0.000000,0.000000,0.000000
22.460681,0.080000,0.080000,-0.200000,0.000000,0.000000,0.000000
22.480755,0.180000,-0.040000,0.240000,0.000000,0.000000,0.000000
22.500655,0.200000,0.000000,-0.100000,0.000000,0.000000,0.000000
22.520708,0.060000,-0.020000,0.180000,0.000000,0.000000,0.000000
22.540743,0.120000,0.000000,0.180000,0.000000,0.000000,0.000000
22.560663,0.020000,0.000000,0.060000,0.000000,0.000000,0.000000
22.580719,0.100000,0.020000,-0.200000,0.000000,0.000000,0.000000
22.600636,0.100000,0.120000,0.100000,0.000000,0.000000,0.000000
22.620689,0.040000,0.060000,-0.080000,0.000000,0.000000,0.000000
22.640584,-0.060000,0.020000,-0.180000,0.000000,0.000000,0.000000
22.660646,-0.080000,-0.020000,-0.020000,0.000000,0.000000,0.000000
22.680698,0.000000,0.220000,0.080000,-0.020000,0.000000,0.000000
22.700627,0.100000,0.120000,0.020000,0.000000,0.000000,0.000000
22.720658,0.040000,0.120000,0.220000,0.000000,0.000000,0.000000
22.740825,0.080000,0.120000,-0.080000,0.000000,0.000000,0.000000
22.760645,0.140000,0.120000,0.120000,0.000000,0.000000,0.000000
22.780671,-0.060000,0.120000,0.140000,-0.020000,0.000000,0.000000
22.800618,-0.020000,0.180000,-0.060000,-0.020000,0.000000,0.000000
22.820662,-0.060000,0.120000,-0.120000,-0.020000,0.000000,0.000000
22.840773,0.060000,0.080000,0.060000,0.000000,0.000000,0.000000
22.860642,-0.040000,0.180000,0.040000,-0.020000,0.000000,0.000000
22.880715,0.060000,0.020000,-0.020000,0.000000,0.000000,0.000000
22.900587,0.000000,0.060000,0.000000,0.000000,0.000000,0.000000
22.920641,0.020000,0.100000,0.200000,0.000000,0.000000,0.000000
22.940697,0.160000,0.020000,0.140000,0.000000,0.000000,0.000000
22.960621,0.140000,0.000000,0.200000,0.000000,0.000000,0.000000
22.980663,0.100000,0.120000,0.180000,0.000000,0.000000,0.000000
23.000696,0.040000,0.120000,0.060000,-0.020000,0.000000,0.000000
23.020644,0.100000,-0.020000,0.240000,0.000000,0.000000,0.000000
23.040682,0.140000,0.060000,0.100000,0.000000,0.000000,0.000000
23.060605,-0.020000,-0.060000,0.120000,0.000000,0.000000,0.000000
23.080640,0.080000,0.000000,0.060000,0.000000,0.000000,0.000000
23.100698,0.180000,0.060000,0.000000,0.000000,0.000000,0.000000
23.120760,-0.040000,0.020000,0.120000,0.000000,0.000000,0.000000
23.140655,-0.020000,0.260000,0.020000,-0.020000,0.000000,0.000000
23.160724,0.000000,0.160000,0.020000,-0.020000,0.000000,0.000000
23.180645,0.140000,0.220000,0.000000,-0.020000,0.000000,0.000000
23.200687,0.000000,0.200000,0.000000,-0.020000,0.000000,0.000000
23.220744,0.040000,0.000000,-0.100000,0.000000,0.000000,0.000000
23.240672,0.020000,0.180000,-0.060000,-0.020000,0.000000,0.000000
23.260708,0.040000,0.140000,-0.040000,0.000000,0.000000,0.000000
23.280628,0.000000,0.000000,-0.100000,0.000000,0.000000,0.000000
23.300666,0.040000,0.060000,0.000000,0.000000,0.000000,0.000000
23.320718,0.060000,0.060000,-0.140000,0.000000,0.000000,0.000000
23.340778,0.080000,0.020000,0.100000,0.000000,0.000000,0.000000
23.360692,0.060000,0.000000,0.120000,0.000000,0.000000,0.000000
23.380611,0.120000,0.000000,0.080000,0.000000,0.000000,0.000000
23.400657,0.200000,0.020000,0.020000,0.000000,0.000000,0.000000
23.420705,0.000000,0.200000,-0.080000,0.000000,0.000000,0.000000
23.440623,0.080000,0.240000,0.000000,-0.020000,0.000000,0.000000
23.460675,0.060000,0.080000,0.040000,0.000000,0.000000,0.000000
23.480736,0.020000,0.060000,0.140000,0.000000,0.000000,0.000000
23.500843,0.000000,0.080000,-0.040000,0.000000,0.000000,0.000000
23.520863,0.200000,0.060000,0.140000,0.000000,0.000000,0.000000
23.540818,0.000000,0.220000,0.160000,-0.020000,0.000000,0.000000
23.560810,0.200000,0.140000,0.040000,0.000000,0.000000,0.000000
23.580850,0.020000,0.200000,0.060000,-0.020000,0.000000,0.000000
23.600666,0.000000,0.120000,-0.100000,-0.020000,0.000000,0.000000
23.620704,0.060000,0.060000,-0.020000,0.000000,0.000000,0.000000
23.640776,0.100000,-0.040000,0.000000,0.000000,0.000000,0.000000
23.660694,0.020000,-0.020000,0.020000,0.000000,0.000000,0.000000
23.680705,0.040000,-0.040000,0.020000,0.000000,0.000000,0.000000
23.700636,0.080000,0.140000,0.060000,0.000000,0.000000,0.000000
23.720678,0.240000,0.080000,-0.100000,0.000000,0.020000,0.000000
23.740826,0.120000,0.080000,0.100000,0.000000,0.000000,0.000000
23.760782,0.180000,0.000000,0.000000,0.000000,0.000000,0.000000
23.780715,0.120000,-0.060000,0.000000,0.000000,0.000000,0.000000
23.800763,0.080000,0.000000,0.080000,0.000000,0.000000,0.000000
23.820808,0.240000,0.080000,0.160000,0.000000,0.020000,0.000000
23.840746,0.080000,0.080000,0.020000,0.000000,0.000000,0.000000
23.860645,0.120000,0.000000,0.060000,0.000000,0.000000,0.000000
23.880684,0.100000,-0.020000,0.400000,0.000000,0.000000,0.000000
23.900758,0.060000,0.040000,0.120000,0.000000,0.000000,0.000000
23.920816,0.000000,0.020000,-0.080000,0.000000,0.000000,0.000000
23.940695,0.140000,0.000000,0.220000,0.000000,0.000000,0.000000
23.960602,0.080000,0.100000,0.120000,0.000000,0.000000,0.000000
23.980646,0.080000,0.180000,0.100000,-0.020000,0.000000,0.000000
24.000687,0.140000,0.180000,0.120000,-0.020000,0.000000,0.000000
24.020618,0.080000,0.180000,-0.020000,-0.020000,0.000000,0.000000
24.040679,0.060000,0.000000,0.160000,0.000000,0.000000,0.000000
24.060743,0.000000,0.080000,0.080000,0.000000,0.000000,0.000000
24.080792,0.140000,0.120000,0.060000,0.000000,0.000000,0.000000
24.100720,0.060000,-0.020000,0.240000,0.000000,0.000000,0.000000
24.120785,0.160000,0.240000,0.240000,-0.020000,0.000000,0.000000
24.140699,0.340000,0.120000,0.220000,0.000000,0.020000,0.000000
24.160749,0.100000,0.120000,0.140000,0.000000,0.000000,0.000000
24.180783,0.120000,0.060000,0.200000,0.000000,0.000000,0.000000
24.200711,0.180000,0.120000,0.460000,0.000000,0.000000,0.000000
24.220751,0.020000,0.040000,0.360000,0.000000,0.000000,0.000000
24.240653,0.040000,0.120000,0.240000,0.000000,0.000000,0.000000
24.260842,0.140000,0.120000,0.340000,0.000000,0.000000,0.000000
24.280756,0.120000,0.000000,-0.040000,0.000000,0.000000,0.000000
24.300676,0.060000,0.120000,0.160000,0.000000,0.000000,0.000000
24.320719,0.180000,0.260000,0.380000,-0.020000,0.000000,0.000000
24.340832,0.120000,0.120000,0.160000,0.000000,0.000000,0.000000
24.360714,0.120000,0.060000,0.220000,0.000000,0.000000,0.000000
24.380778,0.020000,0.120000,0.200000,-0.020000,0.000000,0.000000
24.400681,-0.060000,0.020000,0.200000,0.000000,0.000000,0.000000
24.420725,0.080000,0.100000,0.180000,0.000000,0.000000,0.000000
24.440614,0.180000,0.120000,0.180000,0.000000,0.000000,0.000000
24.460666,0.040000,0.240000,0.180000,-0.020000,0.000000,0.000000
24.480735,0.140000,-0.020000,0.100000,0.000000,0.000000,0.000000
24.500906,0.160000,0.140000,0.160000,0.000000,0.000000,0.000000
24.520747,0.060000,0.200000,0.240000,-0.020000,0.000000,0.000000
24.540753,0.100000,-0.020000,0.400000,0.000000,0.000000,0.000000
24.560670,0.140000,0.240000,0.200000,-0.020000,0.000000,0.000000
24.580713,0.000000,0.120000,0.140000,0.000000,0.000000,0.000000
24.600785,0.020000,0.060000,0.100000,0.000000,0.000000,0.000000
24.620699,0.300000,0.260000,0.300000,0.000000,0.000000,0.000000
24.640746,-0.080000,0.080000,0.160000,0.000000,0.000000,0.000000
24.660783,0.140000,0.100000,0.260000,0.000000,0.000000,0.000000
24.680717,0.020000,0.240000,-0.080000,-0.020000,0.000000,0.000000
24.700756,0.160000,0.120000,0.100000,0.000000,0.000000,0.000000
24.720690,-0.040000,0.000000,0.220000,0.000000,0.000000,0.000000
24.740724,0.040000,0.220000,0.280000,-0.020000,0.000000,0.000000
24.760794,0.040000,0.100000,0.360000,0.000000,0.000000,0.000000
24.780672,0.100000,0.120000,-0.060000,0.000000,0.000000,0.000000
24.800737,0.040000,0.180000,0.120000,0.000000,0.000000,0.000000
24.820795,0.120000,0.220000,0.220000,-0.020000,0.000000,0.000000
24.840710,0.160000,0.100000,0.400000,0.000000,0.000000,0.000000
24.860762,0.040000,0.140000,0.120000,-0.020000,0.000000,0.000000
24.880701,0.100000,0.080000,0.160000,0.000000,0.000000,0.000000
24.900730,0.060000,0.180000,0.300000,-0.020000,0.000000,0.000000
24.920703,0.000000,0.140000,0.360000,-0.020000,0.000000,0.000000
24.940704,0.140000,0.120000,0.220000,0.000000,0.000000,0.000000
24.960745,0.140000,0.160000,0.240000,-0.020000,0.000000,0.000000
24.980667,-0.020000,0.080000,0.300000,0.000000,0.000000,0.000000
25.000737,0.140000,0.160000,0.300000,-0.020000,0.000000,0.000000
25.020624,0.080000,0.060000,0.220000,0.000000,0.000000,0.000000
25.040683,0.080000,0.200000,0.460000,-0.020000,0.000000,0.000000
25.060492,0.140000,-0.080000,0.060000,0.000000,0.000000,0.000000
25.080653,-0.040000,-0.080000,0.040000,0.000000,0.000000,0.000000
25.100848,0.160000,0.060000,0.100000,0.000000,0.000000,0.000000
25.120752,0.020000,0.000000,0.020000,0.000000,0.000000,0.000000
25.140669,0.060000,0.000000,0.100000,0.000000,0.000000,0.000000
25.160705,0.040000,0.000000,-0.140000,0.000000,0.000000,0.000000
25.180657,0.140000,0.000000,0.140000,0.000000,0.000000,0.000000
25.200697,0.100000,0.120000,0.100000,0.000000,0.000000,0.000000
25.220743,0.240000,-0.020000,0.280000,0.000000,0.020000,0.000000
25.240631,0.200000,0.060000,0.280000,0.000000,0.000000,0.000000
25.260713,-0.080000,0.000000,0.060000,0.000000,0.000000,0.000000
25.280746,0.100000,0.080000,0.020000,0.000000,0.000000,0.000000
25.300722,0.160000,0.120000,0.060000,0.000000,0.000000,0.000000
25.320752,0.000000,0.240000,0.040000,-0.020000,0.000000,0.000000
25.340801,0.080000,0.120000,0.060000,0.000000,0.000000,0.000000
25.360709,0.040000,0.060000,-0.040000,0.000000,0.000000,0.000000
25.380735,0.140000,-0.040000,0.100000,0.000000,0.000000,0.000000
25.400658,0.200000,-0.020000,0.100000,0.000000,0.000000,0.000000
25.420725,0.060000,-0.060000,0.020000,0.000000,0.000000,0.000000
25.440792,0.240000,0.180000,0.120000,-0.020000,0.020000,0.000000
25.460824,0.020000,0.140000,0.100000,0.000000,0.000000,0.000000
25.480762,0.200000,0.060000,0.000000,0.000000,0.000000,0.000000
25.500887,0.000000,0.060000,0.180000,0.000000,0.000000,0.000000
25.520724,0.060000,-0.100000,0.100000,0.000000,0.000000,0.000000
25.540780,0.000000,-0.020000,0.080000,0.000000,0.000000,0.000000
25.560665,0.100000,0.040000,0.020000,0.000000,0.000000,0.000000
25.580716,0.000000,0.140000,0.020000,-0.020000,0.000000,0.000000
25.600785,0.100000,0.020000,0.100000,0.000000,0.000000,0.000000
25.620697,0.160000,0.180000,0.220000,-0.020000,0.000000,0.000000
25.640733,0.100000,0.000000,0.000000,0.000000,0.000000,0.000000
25.660655,0.060000,0.000000,0.020000,0.000000,0.000000,0.000000
25.680682,0.020000,0.100000,0.040000,0.000000,0.000000,0.000000
25.700601,0.100000,0.000000,0.000000,0.000000,0.000000,0.000000
25.720646,0.100000,0.000000,0.000000,0.000000,0.000000,0.000000
25.740686,0.120000,0.000000,0.220000,0.000000,0.000000,0.000000
25.760633,0.200000,0.060000,-0.060000,0.000000,0.000000,0.000000
25.780647,0.020000,0.140000,-0.040000,0.000000,0.000000,0.000000
25.800592,0.000000,0.200000,0.120000,-0.020000,0.000000,0.000000
25.820644,0.080000,0.060000,-0.160000,0.000000,0.000000,0.000000
25.840696,0.020000,0.060000,-0.060000,0.000000,0.000000,0.000000
25.860610,-0.040000,0.060000,0.060000,0.000000,0.000000,0.000000
25.880648,-0.020000,0.040000,-0.080000,0.000000,0.000000,0.000000
25.900703,-0.020000,0.120000,0.060000,-0.020000,0.000000,0.000000
25.920709,0.060000,0.080000,0.280000,0.000000,0.000000,0.000000
25.940579,0.160000,0.120000,0.160000,0.000000,0.000000,0.000000
25.960593,0.020000,0.060000,0.060000,0.000000,0.000000,0.000000
25.980643,0.080000,0.080000,0.220000,0.000000,0.000000,0.000000
26.000574,0.120000,0.120000,0.240000,0.000000,0.000000,0.000000
26.020593,0.240000,0.240000,0.080000,-0.020000,0.000000,0.000000
26.040666,0.040000,0.180000,0.220000,-0.020000,0.000000,0.000000
26.060581,0.180000,0.120000,0.140000,0.000000,0.000000,0.000000
26.080663,0.120000,0.140000,0.140000,0.000000,0.000000,0.000000
26.100672,0.000000,0.160000,0.280000,-0.020000,0.000000,0.000000
26.120604,0.100000,0.080000,0.060000,0.000000,0.000000,0.000000
26.140646,0.000000,0.040000,0.100000,0.000000,0.000000,0.000000
26.160571,0.080000,0.180000,0.240000,-0.020000,0.000000,0.000000
26.180863,0.020000,0.180000,0.260000,-0.020000,0.000000,0.000000
26.200682,0.200000,0.180000,0.060000,0.000000,0.000000,0.000000
26.220599,0.040000,0.120000,0.060000,0.000000,0.000000,0.000000
26.240641,0.040000,0.140000,0.220000,-0.020000,0.000000,0.000000
26.260718,0.060000,0.060000,0.280000,0.000000,0.000000,0.000000
26.280612,-0.020000,0.080000,0.040000,0.000000,0.000000,0.000000
26.300655,0.040000,-0.040000,0.200000,0.000000,0.000000,0.000000
26.320578,0.000000,0.120000,-0.120000,-0.020000,0.000000,0.000000
26.340636,0.000000,0.000000,0.120000,0.000000,0.000000,0.000000
26.360685,0.200000,0.060000,-0.180000,0.000000,0.020000,0.000000
26.380593,-0.020000,0.000000,0.060000,0.000000,0.000000,0.000000
26.400631,0.140000,0.060000,0.060000,0.000000,0.000000,0.000000
26.420560,0.120000,0.000000,0.080000,0.000000,0.000000,0.000000
26.440591,0.140000,-0.020000,0.060000,0.000000,0.000000,0.000000
26.460658,0.100000,0.020000,-0.020000,0.000000,0.000000,0.000000
26.480709,0.120000,0.080000,0.000000,0.000000,0.000000,0.000000
26.500644,0.060000,0.020000,0.100000,0.000000,0.000000,0.000000
26.520681,0.220000,-0.060000,0.140000,0.000000,0.020000,0.000000
26.540587,0.040000,0.040000,0.060000,0.000000,0.000000,0.000000
26.560654,0.120000,0.000000,0.140000,0.000000,0.000000,0.000000
26.580571,0.080000,0.000000,0.000000,0.000000,0.000000,0.000000
26.600613,0.080000,-0.140000,0.060000,0.000000,0.000000,0.000000
26.620762,0.120000,0.060000,0.060000,0.000000,0.000000,0.000000
26.640572,0.240000,0.100000,0.220000,0.000000,0.020000,0.000000
26.660607,0.120000,0.120000,0.180000,0.000000,0.000000,0.000000
26.680669,0.180000,-0.020000,0.060000,0.000000,0.000000,0.000000
26.700607,0.080000,-0.060000,0.200000,0.000000,0.000000,0.000000
26.720647,0.080000,0.020000,0.120000,0.000000,0.000000,0.000000
26.740570,0.020000,0.080000,-0.020000,0.000000,0.000000,0.000000
26.760631,0.020000,0.020000,0.020000,0.000000,0.000000,0.000000
26.780680,0.060000,0.040000,0.020000,0.000000,0.000000,0.000000
26.800591,-0.020000,0.000000,0.160000,0.000000,0.000000,0.000000
26.820651,0.260000,0.000000,0.100000,0.000000,0.020000,0.000000
26.840682,0.080000,0.240000,0.060000,-0.020000,0.000000,0.000000
26.860590,0.080000,0.020000,0.080000,0.000000,0.000000,0.000000
26.880654,0.140000,-0.020000,0.060000,0.000000,0.000000,0.000000
26.900575,0.060000,0.000000,0.080000,0.000000,0.000000,0.000000
26.920626,0.000000,0.000000,0.200000,0.000000,0.000000,0.000000
26.940653,0.140000,-0.120000,-0.040000,0.000000,0.000000,0.000000
26.960829,0.060000,0.080000,0.160000,0.000000,0.000000,0.000000
26.981148,0.140000,0.000000,0.000000,0.000000,0.000000,0.000000
27.001096,0.020000,0.100000,0.000000,0.000000,0.000000,0.000000
27.021105,0.240000,0.060000,0.140000,0.000000,0.020000,0.000000
27.041155,0.120000,0.040000,-0.060000,0.000000,0.000000,0.000000
27.061127,0.080000,-0.100000,0.100000,0.000000,0.000000,0.000000
27.081109,0.200000,0.040000,0.100000,0.000000,0.020000,0.000000
27.100961,0.200000,0.080000,0.380000,0.000000,0.020000,0.000000
27.120941,0.160000,0.040000,0.060000,0.000000,0.000000,0.000000
27.141105,0.100000,-0.060000,0.020000,0.000000,0.000000,0.000000
27.160949,0.020000,0.000000,0.140000,0.000000,0.000000,0.000000
27.181146,0.080000,-0.060000,-0.020000,0.000000,0.000000,0.000000
27.200974,0.080000,0.020000,0.320000,0.000000,0.000000,0.000000
27.220943,0.100000,0.020000,0.000000,0.000000,0.000000,0.000000
27.240961,0.040000,0.120000,-0.060000,-0.020000,0.000000,0.000000
27.260966,0.080000,-0.020000,-0.080000,0.000000,0.000000,0.000000
27.280948,0.000000,0.060000,0.000000,0.000000,0.000000,0.000000
27.300962,0.120000,0.140000,0.160000,0.000000,0.000000,0.000000
27.320965,0.120000,0.060000,-0.060000,0.000000,0.000000,0.000000
27.340983,0.120000,-0.100000,0.000000,0.000000,0.000000,0.000000
27.361147,0.140000,0.120000,0.060000,0.000000,0.000000,0.000000
27.380956,0.140000,0.000000,0.060000,0.000000,0.000000,0.000000
27.400979,0.080000,-0.020000,0.060000,0.000000,0.000000,0.000000
27.420980,0.160000,-0.080000,0.000000,0.000000,0.000000,0.000000
27.441119,-0.020000,0.040000,-0.060000,0.000000,0.000000,0.000000
27.460840,0.120000,-0.040000,0.040000,0.000000,0.000000,0.000000
27.480971,0.240000,0.020000,-0.040000,0.000000,0.020000,0.000000
27.500968,0.120000,0.040000,0.060000,0.000000,0.000000,0.000000
27.520990,0.000000,0.040000,0.060000,0.000000,0.000000,0.000000
27.540971,0.080000,0.000000,0.100000,0.000000,0.000000,0.000000
27.560988,0.140000,0.000000,0.140000,0.000000,0.000000,0.000000
27.580987,0.120000,-0.040000,0.120000,0.000000,0.000000,0.000000
27.600993,0.060000,-0.040000,0.100000,0.000000,0.000000,0.000000
27.620985,0.100000,0.180000,0.000000,-0.020000,0.000000,0.000000
27.640867,0.140000,0.020000,0.060000,0.000000,0.000000,0.000000
27.660992,0.040000,-0.020000,0.080000,0.000000,0.000000,0.000000
27.680987,0.020000,-0.020000,0.020000,0.000000,0.000000,0.000000
27.700977,0.060000,-0.120000,0.060000,0.000000,0.000000,0.000000
27.720983,0.140000,0.000000,0.000000,0.000000,0.000000,0.000000
27.740995,0.140000,0.020000,-0.040000,0.000000,0.000000,0.000000
27.760994,0.000000,0.000000,0.080000,0.000000,0.000000,0.000000
27.780998,0.100000,-0.040000,-0.160000,0.000000,0.000000,0.000000
27.800986,0.100000,-0.120000,-0.020000,0.000000,0.000000,0.000000
27.820979,0.160000,0.020000,0.140000,0.000000,0.000000,0.000000
27.841013,0.020000,0.060000,0.040000,0.000000,0.000000,0.000000
27.861033,0.160000,0.000000,0.020000,0.000000,0.000000,0.000000
27.881005,0.140000,-0.040000,0.180000,0.000000,0.000000,0.000000
27.900981,0.080000,0.000000,0.060000,0.000000,0.000000,0.000000
27.921077,0.140000,0.080000,-0.120000,0.000000,0.000000,0.000000
27.941027,0.080000,0.020000,0.060000,0.000000,0.000000,0.000000
27.961005,0.100000,0.120000,-0.100000,0.000000,0.000000,0.000000
27.981006,0.080000,0.120000,0.000000,0.000000,0.000000,0.000000
28.001029,0.000000,0.100000,-0.060000,0.000000,0.000000,0.000000
28.021015,0.160000,0.020000,-0.040000,0.000000,0.000000,0.000000
28.041024,0.140000,0.180000,0.000000,0.000000,0.000000,0.000000
28.061020,0.300000,-0.060000,0.140000,0.000000,0.020000,0.000000
28.081013,0.100000,-0.100000,0.080000,0.000000,0.000000,0.000000
28.101154,0.100000,0.000000,0.060000,0.000000,0.000000,0.000000
28.120995,0.080000,0.040000,0.060000,0.000000,0.000000,0.000000
28.141003,0.100000,0.020000,0.000000,0.000000,0.000000,0.000000
28.161010,0.040000,0.000000,0.060000,0.000000,0.000000,0.000000
28.181027,0.100000,-0.080000,0.000000,0.000000,0.000000,0.000000
28.201015,0.040000,0.000000,0.060000,0.000000,0.000000,0.000000
28.221230,0.040000,0.000000,0.060000,0.000000,0.000000,0.000000
28.241054,0.180000,0.200000,0.000000,0.000000,0.020000,0.000000
28.261043,0.160000,0.060000,0.280000,0.000000,0.000000,0.000000
28.281034,0.100000,0.080000,0.140000,0.000000,0.000000,0.000000
28.301028,0.100000,0.060000,0.120000,0.000000,0.000000,0.000000
28.321195,0.060000,0.060000,-0.080000,0.000000,0.000000,0.000000
28.341071,0.080000,0.160000,0.020000,0.000000,0.000000,0.000000
28.361045,0.000000,0.140000,-0.020000,0.000000,0.000000,0.000000
28.381093,0.280000,0.000000,-0.060000,0.000000,0.020000,0.000000
28.401054,0.160000,0.040000,0.120000,0.000000,0.020000,0.000000
28.421066,0.180000,0.040000,0.060000,0.000000,0.000000,0.000000
28.441038,0.160000,0.120000,0.060000,0.000000,0.000000,0.000000
28.461047,0.160000,0.000000,-0.120000,0.000000,0.000000,0.000000
28.480786,0.000000,-0.020000,-0.040000,0.000000,0.000000,0.000000
28.501179,-0.020000,0.120000,0.120000,0.000000,0.000000,0.000000
28.521056,0.000000,-0.120000,-0.140000,0.000000,0.000000,0.000000
28.541051,0.060000,0.120000,0.340000,0.000000,0.000000,0.000000
28.560783,0.060000,0.000000,0.120000,0.000000,0.000000,0.000000
28.581078,-0.060000,0.020000,0.140000,0.000000,0.000000,0.000000
28.601242,0.120000,0.220000,0.020000,-0.020000,0.000000,0.000000
28.620920,-0.080000,0.200000,-0.120000,-0.020000,0.000000,0.000000
28.641053,0.160000,0.080000,-0.020000,0.000000,0.000000,0.000000
28.661051,0.020000,0.080000,0.000000,0.000000,0.000000,0.000000
28.681056,-0.120000,0.020000,0.160000,0.000000,0.000000,0.000000
28.701055,0.020000,0.020000,0.160000,0.000000,0.000000,0.000000
28.721057,0.140000,0.080000,0.140000,0.000000,0.000000,0.000000
28.741077,0.080000,0.060000,0.100000,0.000000,0.000000,0.000000
28.761058,0.000000,0.060000,-0.020000,0.000000,0.000000,0.000000
28.781060,0.200000,0.040000,0.020000,0.000000,0.000000,0.000000
28.801070,0.000000,0.180000,0.000000,-0.020000,0.000000,0.000000
28.821069,-0.020000,0.020000,0.160000,0.000000,0.000000,0.000000
28.840940,0.120000,0.000000,-0.020000,0.000000,0.000000,0.000000
28.861057,0.100000,0.080000,0.180000,0.000000,0.000000,0.000000
28.881088,0.200000,0.020000,0.180000,0.000000,0.020000,0.000000
28.901079,-0.020000,0.060000,0.080000,0.000000,0.000000,0.000000
28.921066,0.000000,0.140000,0.060000,-0.020000,0.000000,0.000000
28.941063,-0.100000,0.240000,0.000000,-0.020000,0.000000,0.000000
28.961078,0.100000,0.180000,0.040000,-0.020000,0.000000,0.000000
28.980917,0.120000,0.060000,-0.060000,0.000000,0.000000,0.000000
29.000686,-0.100000,0.000000,0.160000,0.000000,0.000000,0.000000
29.020840,0.100000,0.120000,-0.020000,0.000000,0.000000,0.000000
29.041077,0.080000,0.060000,0.020000,0.000000,0.000000,0.000000
29.060927,0.080000,0.120000,0.060000,0.000000,0.000000,0.000000
29.081074,0.040000,0.020000,-0.320000,0.000000,0.000000,0.000000
29.101084,0.100000,0.020000,0.000000,0.000000,0.000000,0.000000
29.121093,0.000000,0.000000,0.120000,0.000000,0.000000,0.000000
29.141078,0.220000,0.120000,0.100000,0.000000,0.000000,0.000000
29.161129,0.140000,-0.020000,0.000000,0.000000,0.000000,0.000000
29.181097,0.040000,0.100000,0.160000,0.000000,0.000000,0.000000
29.200934,0.080000,0.080000,0.020000,0.000000,0.000000,0.000000
29.220969,0.060000,0.020000,0.080000,0.000000,0.000000,0.000000
29.240970,0.200000,0.000000,-0.100000,0.000000,0.000000,0.000000
29.261111,-0.020000,0.020000,0.200000,0.000000,0.000000,0.000000
29.281101,0.200000,0.180000,0.140000,0.000000,0.000000,0.000000
29.301123,0.060000,0.100000,-0.200000,0.000000,0.000000,0.000000
29.320974,0.140000,0.120000,-0.020000,0.000000,0.000000,0.000000
29.340974,0.120000,0.200000,-0.100000,-0.020000,0.000000,0.000000
29.360846,0.280000,0.060000,0.000000,0.000000,0.020000,0.000000
29.381119,0.020000,0.080000,0.000000,0.000000,0.000000,0.000000
29.400690,0.100000,0.140000,0.000000,0.000000,0.000000,0.000000
29.420971,0.220000,-0.040000,0.080000,0.000000,0.020000,0.000000
29.440972,0.000000,0.080000,0.020000,0.000000,0.000000,0.000000
29.461127,0.000000,0.060000,0.060000,0.000000,0.000000,0.000000
29.480977,0.120000,0.060000,0.140000,0.000000,0.000000,0.000000
29.500727,0.020000,0.000000,0.180000,0.000000,0.000000,0.000000
29.520979,0.020000,0.080000,0.100000,0.000000,0.000000,0.000000
29.541010,0.220000,0.200000,-0.020000,-0.020000,0.000000,0.000000
29.560975,0.140000,0.120000,0.120000,0.000000,0.000000,0.000000
29.580986,0.020000,0.140000,0.020000,-0.020000,0.000000,0.000000
29.600987,0.120000,0.040000,0.160000,0.000000,0.000000,0.000000
29.620963,0.240000,0.080000,-0.040000,0.000000,0.000000,0.000000
29.640986,0.000000,0.060000,-0.160000,0.000000,0.000000,0.000000
29.660996,0.140000,0.160000,0.000000,-0.020000,0.000000,0.000000
29.680959,0.060000,0.060000,0.080000,0.000000,0.000000,0.000000
29.700979,0.100000,0.100000,0.140000,0.000000,0.000000,0.000000
29.720984,0.080000,0.080000,0.260000,0.000000,0.000000,0.000000
29.740733,0.140000,0.000000,0.180000,0.000000,0.000000,0.000000
29.760982,-0.060000,0.020000,0.220000,0.000000,0.000000,0.000000
29.780967,0.000000,0.060000,0.040000,0.000000,0.000000,0.000000
29.800989,0.200000,0.120000,0.040000,0.000000,0.000000,0.000000
29.820993,0.020000,0.200000,0.220000,-0.020000,0.000000,0.000000
29.840989,0.060000,0.060000,0.160000,0.000000,0.000000,0.000000
29.860882,0.040000,0.180000,0.060000,-0.020000,0.000000,0.000000
29.880979,0.040000,0.060000,-0.080000,0.000000,0.000000,0.000000
29.900994,0.100000,0.020000,0.060000,0.000000,0.000000,0.000000
29.920998,0.060000,0.200000,0.200000,-0.020000,0.000000,0.000000
29.941014,0.060000,0.120000,0.000000,0.000000,0.000000,0.000000
29.960981,0.120000,0.300000,-0.080000,-0.020000,0.000000,0.000000
29.981017,0.040000,0.120000,0.020000,0.000000,0.000000,0.000000
